0;0;0;0;0;0;0;0;0;0;
0.00253554457;0.00253554457;2.59743881;0;2.59997416;2.60250974;2.59997416;2.60250974;2.59743881;0.00253554457;
0.0197773725;0.0197773725;5.17981911;0;5.19959641;5.2193737;5.19959641;5.2193737;5.17981911;0.0197773725;
0.0650665388;0.0650665388;7.73292112;0;7.79798746;7.86305428;7.79798746;7.86305428;7.73292112;0.0650665388;
0.150312707;0.150312707;10.2434235;0;10.3937368;10.5440493;10.3937368;10.5440493;10.2434235;0.150312707;
0.286056846;0.286056846;12.6988869;0;12.9849434;13.2710009;12.9849434;13.2710009;12.6988869;0.286056846;
0.481532902;0.481532902;15.0877304;0;15.5692635;16.0507965;15.5692635;16.0507965;15.0877304;0.481532902;
0.744728088;0.744728088;17.3992176;0;18.1439438;18.8886719;18.1439438;18.8886719;17.3992176;0.744728088;
1.08244228;1.08244228;19.6234322;0;20.7058735;21.7883167;20.7058735;21.7883167;19.6234322;1.08244228;
1.50034654;1.50034654;21.7512665;0;23.2516136;24.7519608;23.2516136;24.7519608;21.7512665;1.50034654;
2.00303984;2.00303984;23.7743988;0;25.7774391;27.7804775;25.7774391;27.7804775;23.7743988;2.00303984;
2.59410524;2.59410524;25.685276;0;28.2793808;30.8734856;28.2793808;30.8734856;25.685276;2.59410524;
3.27616405;3.27616405;27.4770851;0;30.7532501;34.0294113;30.7532501;34.0294113;27.4770851;3.27616405;
4.0509305;4.0509305;29.1437569;0;33.1946869;37.2456169;33.1946869;37.2456169;29.1437569;4.0509305;
4.91926622;4.91926622;30.6799221;0;35.5991898;40.5184555;35.5991898;40.5184555;30.6799221;4.91926622;
5.8812232;5.8812232;32.0809097;0;37.9621353;43.8433609;37.9621353;43.8433609;32.0809097;5.8812232;
6.93611002;6.93611002;33.3427277;0;40.2788353;47.2149467;40.2788353;47.2149467;33.3427277;6.93611002;
8.08252239;8.08252239;34.4620209;0;42.5445404;50.6270676;42.5445404;50.6270676;34.4620209;8.08252239;
9.31840324;9.31840324;35.4360924;0;44.7544937;54.0728989;44.7544937;54.0728989;35.4360924;9.31840324;
10.6410933;10.6410933;36.2628479;0;46.9039421;57.5450325;46.9039421;57.5450325;36.2628479;10.6410933;
12.0473576;12.0473576;36.9408035;0;48.9881554;61.0355148;48.9881554;61.0355148;36.9408035;12.0473576;
13.5334587;13.5334587;37.4690399;0;51.0024948;64.5359573;51.0024948;64.5359573;37.4690399;13.5334587;
15.09517;15.09517;37.8472176;0;52.9423866;68.0375595;52.9423866;68.0375595;37.8472176;15.09517;
16.7278404;16.7278404;38.075531;0;54.8033676;71.5312042;54.8033676;71.5312042;38.075531;16.7278404;
18.4264297;18.4264297;38.1546974;0;56.5811272;75.0075531;56.5811272;75.0075531;38.1546974;18.4264297;
20.1855469;20.1855469;38.0859375;0;58.2714844;78.4570312;58.2714844;78.4570312;38.0859375;20.1855469;
21.9994812;21.9994812;37.8709679;0;59.8704529;81.8699341;59.8704529;81.8699341;37.8709679;21.9994812;
23.862257;23.862257;37.5119705;0;61.3742294;85.2364883;61.3742294;85.2364883;37.5119705;23.862257;
25.7676735;25.7676735;37.0115662;0;62.7792397;88.5469131;62.7792397;88.5469131;37.0115662;25.7676735;
27.7092953;27.7092953;36.3728218;0;64.0821152;91.79142;64.0821152;91.79142;36.3728218;27.7092953;
29.6805534;29.6805534;35.599205;0;65.2797546;94.9603195;65.2797546;94.9603195;35.599205;29.6805534;
31.6747475;31.6747475;34.6945724;0;66.3693161;98.0440598;66.3693161;98.0440598;34.6945724;31.6747475;
33.6850433;33.6850433;33.6631699;0;67.3482132;101.033257;67.3482132;101.033257;33.6631699;33.6850433;
35.7045631;35.7045631;32.5096054;0;68.2141647;103.918724;68.2141647;103.918724;32.5096054;35.7045631;
37.7264061;37.7264061;31.2387753;0;68.9651871;106.691597;68.9651871;106.691597;31.2387753;37.7264061;
39.7436218;39.7436218;29.8559589;0;69.5995865;109.343208;69.5995865;109.343208;29.8559589;39.7436218;
41.7493057;41.7493057;28.3667011;0;70.1160049;111.865326;70.1160049;111.865326;28.3667011;41.7493057;
43.7366028;43.7366028;26.7768192;0;70.5134277;114.250023;70.5134277;114.250023;26.7768192;43.7366028;
45.6987;45.6987;25.0924206;0;70.7911224;116.489822;70.7911224;116.489822;25.0924206;45.6987;
47.6289024;47.6289024;23.3198338;0;70.9487381;118.577637;70.9487381;118.577637;23.3198338;47.6289024;
49.5206337;49.5206337;21.4656086;0;70.9862442;120.506874;70.9862442;120.506874;21.4656086;49.5206337;
51.3674622;51.3674622;19.5365086;0;70.9039688;122.271431;70.9039688;122.271431;19.5365086;51.3674622;
53.1630898;53.1630898;17.5395069;0;70.7025909;123.865677;70.7025909;123.865677;17.5395069;53.1630898;
54.9014244;54.9014244;15.4817181;0;70.3831406;125.284554;70.3831406;125.284554;15.4817181;54.9014244;
56.5765648;56.5765648;13.3704176;0;69.946991;126.523552;69.946991;126.523552;13.3704176;56.5765648;
58.1828537;58.1828537;11.2129965;0;69.3958435;127.578697;69.3958435;127.578697;11.2129965;58.1828537;
59.7148399;59.7148399;9.01696491;0;68.7318039;128.44664;68.7318039;128.44664;9.01696491;59.7148399;
61.1673241;61.1673241;6.78994656;0;67.9572678;129.124603;67.9572678;129.124603;6.78994656;61.1673241;
62.5354004;62.5354004;4.53960466;0;67.0750122;129.610413;67.0750122;129.610413;4.53960466;62.5354004;
63.8144073;63.8144073;2.27370381;0;66.0881119;129.902527;66.0881119;129.902527;2.27370381;63.8144073;
65;65;0;0;65;130;65;130;0;65;
66.0880966;66.0880966;2.27367282;0;63.8144264;129.902527;63.8144264;129.902527;2.27367282;66.0880966;
67.0750046;67.0750046;4.53959703;0;62.535408;129.610413;62.535408;129.610413;4.53959703;67.0750046;
67.9572754;67.9572754;6.78994656;0;61.1673317;129.124603;61.1673317;129.124603;6.78994656;67.9572754;
68.7318039;68.7318039;9.01695728;0;59.7148476;128.44664;59.7148476;128.44664;9.01695728;68.7318039;
69.3958511;69.3958511;11.2130051;0;58.1828499;127.578697;58.1828499;127.578697;11.2130051;69.3958511;
69.9469833;69.9469833;13.3704176;0;56.576561;126.523552;56.576561;126.523552;13.3704176;69.9469833;
70.3831482;70.3831482;15.481741;0;54.9014091;125.284554;54.9014091;125.284554;15.481741;70.3831482;
70.7025833;70.7025833;17.5394917;0;53.1630936;123.865685;53.1630936;123.865685;17.5394917;70.7025833;
70.9039688;70.9039688;19.5365086;0;51.3674622;122.271431;51.3674622;122.271431;19.5365086;70.9039688;
70.9862442;70.9862442;21.4656162;0;49.5206299;120.506882;49.5206299;120.506882;21.4656162;70.9862442;
70.9487305;70.9487305;23.3198109;0;47.6289177;118.577644;47.6289177;118.577644;23.3198109;70.9487305;
70.7911224;70.7911224;25.0924282;0;45.6986923;116.489815;45.6986923;116.489815;25.0924282;70.7911224;
70.5134201;70.5134201;26.776804;0;43.7366142;114.250031;43.7366142;114.250031;26.776804;70.5134201;
70.1160202;70.1160202;28.366724;0;41.7492981;111.865326;41.7492981;111.865326;28.366724;70.1160202;
69.5995865;69.5995865;29.8559437;0;39.7436447;109.343224;39.7436447;109.343224;29.8559437;69.5995865;
68.9651871;68.9651871;31.23876;0;37.7264175;106.691605;37.7264175;106.691605;31.23876;68.9651871;
68.2141647;68.2141647;32.509594;0;35.7045746;103.918747;35.7045746;103.918747;32.509594;68.2141647;
67.3482208;67.3482208;33.6631889;0;33.6850243;101.033249;33.6850243;101.033249;33.6631889;67.3482208;
66.3693008;66.3693008;34.6945267;0;31.6747742;98.044075;31.6747742;98.044075;34.6945267;66.3693008;
65.2797623;65.2797623;35.5992088;0;29.6805611;94.9603195;29.6805611;94.9603195;35.5992088;65.2797623;
64.0821304;64.0821304;36.3728447;0;27.7092857;91.7914124;27.7092857;91.7914124;36.3728447;64.0821304;
62.7792397;62.7792397;37.0115471;0;25.7676868;88.5469284;25.7676868;88.5469284;37.0115471;62.7792397;
61.3742256;61.3742256;37.5119209;0;23.8623066;85.2365341;23.8623066;85.2365341;37.5119209;61.3742256;
59.8704605;59.8704605;37.871006;0;21.9994488;81.8699112;21.9994488;81.8699112;37.871006;59.8704605;
58.2714844;58.2714844;38.0859375;0;20.1855469;78.4570312;20.1855469;78.4570312;38.0859375;58.2714844;
56.5811272;56.5811272;38.1546822;0;18.4264431;75.0075684;18.4264431;75.0075684;38.1546822;56.5811272;
54.8033714;54.8033714;38.0755234;0;16.7278557;71.5312195;16.7278557;71.5312195;38.0755234;54.8033714;
52.9423943;52.9423943;37.8472176;0;15.0951786;68.0375595;15.0951786;68.0375595;37.8472176;52.9423943;
51.002491;51.002491;37.4689789;0;13.5335102;64.5360107;13.5335102;64.5360107;37.4689789;51.002491;
48.9881668;48.9881668;36.9407883;0;12.0473747;61.0355492;12.0473747;61.0355492;36.9407883;48.9881668;
46.9039421;46.9039421;36.2628479;0;10.6410961;57.5450363;10.6410961;57.5450363;36.2628479;46.9039421;
44.7544937;44.7544937;35.4360695;0;9.31842422;54.0729179;9.31842422;54.0729179;35.4360695;44.7544937;
42.5445557;42.5445557;34.4620552;0;8.08249092;50.6270523;8.08249092;50.6270523;34.4620552;42.5445557;
40.2788429;40.2788429;33.3427391;0;6.93610096;47.2149544;6.93610096;47.2149544;33.3427391;40.2788429;
37.9621696;37.9621696;32.0810623;0;5.88109732;43.8432732;5.88109732;43.8432732;32.0810623;37.9621696;
35.5992088;35.5992088;30.6799927;0;4.91921663;40.518425;4.91921663;40.518425;30.6799927;35.5992088;
33.1946831;33.1946831;29.1437073;0;4.05097008;37.2456474;4.05097008;37.2456474;29.1437073;33.1946831;
30.7532444;30.7532444;27.4770298;0;3.27621818;34.0294647;3.27621818;34.0294647;27.4770298;30.7532444;
28.2793865;28.2793865;25.6853046;0;2.59407759;30.8734741;2.59407759;30.8734741;25.6853046;28.2793865;
25.7774372;25.7774372;23.774313;0;2.00312257;27.7805576;2.00312257;27.7805576;23.774313;25.7774372;
23.2516308;23.2516308;21.7513695;0;1.50026917;24.7518921;1.50026917;24.7518921;21.7513695;23.2516308;
20.7058887;20.7058887;19.6234932;0;1.08240247;21.7882843;1.08240247;21.7882843;19.6234932;20.7058887;
18.1439419;18.1439419;17.3991947;0;0.744749308;18.8886948;0.744749308;18.8886948;17.3991947;18.1439419;
15.569253;15.569253;15.0875387;0;0.481715202;16.0509701;0.481715202;16.0509701;15.0875387;15.569253;
12.9849463;12.9849463;12.6988773;0;0.286062956;13.271018;0.286062956;13.271018;12.6988773;12.9849463;
10.3937464;10.3937464;10.2435303;0;0.150214434;10.5439587;0.150214434;10.5439587;10.2435303;10.3937464;
7.79799414;7.79799414;7.73287392;0;0.0651192665;7.86311245;0.0651192665;7.86311245;7.73287392;7.79799414;
5.19960546;5.19960546;5.17977142;0;0.0198364258;5.21944427;0.0198364258;5.21944427;5.17977142;5.19960546;
2.59998608;2.59998608;2.5973165;0;0.00266551971;2.60266304;0.00266551971;2.60266304;2.5973165;2.59998608;
0;0;0;0;0;0;0;0;0;0;
2.60250735;2.60250735;2.59997177;0;0.00253553735;2.59743643;0;2.59997177;2.59997177;2.60250735;
5.21936893;5.21936893;5.19959164;0;0.0197773166;5.17981434;0;5.19959164;5.19959164;5.21936893;
7.86304617;7.86304617;7.79798031;0;0.0650663674;7.73291397;0;7.79798031;7.79798031;7.86304617;
10.5440397;10.5440397;10.3937273;0;0.15031229;10.2434149;0;10.3937273;10.3937273;10.5440397;
13.2709885;13.2709885;12.9849319;0;0.286056072;12.6988754;0;12.9849319;12.9849319;13.2709885;
16.0507812;16.0507812;15.5692492;0;0.48153162;15.0877171;0;15.5692492;15.5692492;16.0507812;
18.8886528;18.8886528;18.1439266;0;0.744726062;17.3992004;0;18.1439266;18.1439266;18.8886528;
21.7882957;21.7882957;20.7058563;0;1.08243954;19.623415;0;20.7058563;20.7058563;21.7882957;
24.7519722;24.7519722;23.2516232;0;1.50034821;21.7512741;0;23.2516232;23.2516232;24.7519722;
27.7804871;27.7804871;25.7774467;0;2.00304103;23.7744064;0;25.7774467;25.7774467;27.7804871;
30.8734913;30.8734913;28.2793846;0;2.5941062;25.6852779;0;28.2793846;28.2793846;30.8734913;
34.0294151;34.0294151;30.753252;0;3.27616453;27.477087;0;30.753252;30.753252;34.0294151;
37.2456169;37.2456169;33.1946869;0;4.0509305;29.1437569;0;33.1946869;33.1946869;37.2456169;
40.5184479;40.5184479;35.5991859;0;4.91926479;30.6799202;0;35.5991859;35.5991859;40.5184479;
43.8433533;43.8433533;37.9621315;0;5.88122177;32.0809097;0;37.9621315;37.9621315;43.8433533;
47.2149353;47.2149353;40.2788277;0;6.93610668;33.3427238;0;40.2788277;40.2788277;47.2149353;
50.6270523;50.6270523;42.5445328;0;8.08251667;34.4620171;0;42.5445328;42.5445328;50.6270523;
54.0728836;54.0728836;44.7544861;0;9.31839943;35.4360847;0;44.7544861;44.7544861;54.0728836;
57.5450134;57.5450134;46.9039268;0;10.6410856;36.2628403;0;46.9039268;46.9039268;57.5450134;
61.0354958;61.0354958;48.9881439;0;12.0473509;36.9407959;0;48.9881439;48.9881439;61.0354958;
64.5359268;64.5359268;51.0024796;0;13.5334463;37.4690361;0;51.0024796;51.0024796;64.5359268;
68.0375671;68.0375671;52.9423943;0;15.0951729;37.8472176;0;52.9423943;52.9423943;68.0375671;
71.5312195;71.5312195;54.8033752;0;16.7278461;38.075531;0;54.8033752;54.8033752;71.5312195;
75.0075607;75.0075607;56.581131;0;18.4264317;38.1546974;0;56.581131;56.581131;75.0075607;
78.4570312;78.4570312;58.2714844;0;20.1855469;38.0859375;0;58.2714844;58.2714844;78.4570312;
81.8699341;81.8699341;59.8704529;0;21.9994812;37.8709679;0;59.8704529;59.8704529;81.8699341;
85.2364883;85.2364883;61.3742294;0;23.862257;37.5119705;0;61.3742294;61.3742294;85.2364883;
88.5468979;88.5468979;62.7792358;0;25.7676678;37.0115662;0;62.7792358;62.7792358;88.5468979;
91.7914047;91.7914047;64.0821152;0;27.7092896;36.3728218;0;64.0821152;64.0821152;91.7914047;
94.9603043;94.9603043;65.2797546;0;29.6805496;35.599205;0;65.2797546;65.2797546;94.9603043;
98.0440445;98.0440445;66.3693085;0;31.6747341;34.6945763;0;66.3693085;66.3693085;98.0440445;
101.033241;101.033241;67.3482056;0;33.6850281;33.6631775;0;67.3482056;67.3482056;101.033241;
103.918709;103.918709;68.2141647;0;35.7045517;32.509613;0;68.2141647;68.2141647;103.918709;
106.691566;106.691566;68.9651794;0;37.726387;31.2387905;0;68.9651794;68.9651794;106.691566;
109.343216;109.343216;69.5995865;0;39.7436256;29.8559589;0;69.5995865;69.5995865;109.343216;
111.865326;111.865326;70.1160126;0;41.7493057;28.3667088;0;70.1160126;70.1160126;111.865326;
114.250023;114.250023;70.5134277;0;43.7366028;26.7768192;0;70.5134277;70.5134277;114.250023;
116.489822;116.489822;70.7911224;0;45.6987;25.0924206;0;70.7911224;70.7911224;116.489822;
118.577637;118.577637;70.9487381;0;47.6289024;23.3198338;0;70.9487381;70.9487381;118.577637;
120.506874;120.506874;70.9862442;0;49.5206337;21.4656086;0;70.9862442;70.9862442;120.506874;
122.271423;122.271423;70.9039688;0;51.3674583;19.5365086;0;70.9039688;70.9039688;122.271423;
123.865669;123.865669;70.7025986;0;53.1630745;17.5395222;0;70.7025986;70.7025986;123.865669;
125.284554;125.284554;70.3831406;0;54.9014091;15.4817333;0;70.3831406;70.3831406;125.284554;
126.523544;126.523544;69.946991;0;56.5765572;13.3704252;0;69.946991;69.946991;126.523544;
127.57869;127.57869;69.3958435;0;58.1828461;11.2130051;0;69.3958435;69.3958435;127.57869;
128.44664;128.44664;68.7318039;0;59.7148323;9.01697254;0;68.7318039;68.7318039;128.44664;
129.124603;129.124603;67.9572754;0;61.1673241;6.78995419;0;67.9572754;67.9572754;129.124603;
129.610413;129.610413;67.0750122;0;62.5354004;4.53961277;0;67.0750122;67.0750122;129.610413;
129.902527;129.902527;66.0881042;0;63.8144188;2.27368832;0;66.0881042;66.0881042;129.902527;
130;130;65;0;65;0;0;65;65;130;
129.902527;129.902527;63.8144264;0;66.0880966;2.27367282;0;63.8144264;63.8144264;129.902527;
129.610413;129.610413;62.535408;0;67.0750046;4.53959703;0;62.535408;62.535408;129.610413;
129.124603;129.124603;61.1673317;0;67.9572754;6.78994656;0;61.1673317;61.1673317;129.124603;
128.44664;128.44664;59.7148476;0;68.7318039;9.01695728;0;59.7148476;59.7148476;128.44664;
127.578705;127.578705;58.1828728;0;69.3958282;11.2129583;0;58.1828728;58.1828728;127.578705;
126.52356;126.52356;56.5765762;0;69.9469833;13.3704014;0;56.5765762;56.5765762;126.52356;
125.284569;125.284569;54.901432;0;70.3831406;15.4817104;0;54.901432;54.901432;125.284569;
123.865692;123.865692;53.1631012;0;70.7025909;17.5394917;0;53.1631012;53.1631012;123.865692;
122.271446;122.271446;51.3674927;0;70.9039536;19.5364609;0;51.3674927;51.3674927;122.271446;
120.506897;120.506897;49.5206528;0;70.9862366;21.4655857;0;49.5206528;49.5206528;120.506897;
118.577644;118.577644;47.6289177;0;70.9487305;23.3198109;0;47.6289177;47.6289177;118.577644;
116.489815;116.489815;45.6986923;0;70.7911224;25.0924282;0;45.6986923;45.6986923;116.489815;
114.250031;114.250031;43.7366142;0;70.5134201;26.776804;0;43.7366142;43.7366142;114.250031;
111.865326;111.865326;41.7492981;0;70.1160202;28.366724;0;41.7492981;41.7492981;111.865326;
109.343224;109.343224;39.7436447;0;69.5995865;29.8559437;0;39.7436447;39.7436447;109.343224;
106.691605;106.691605;37.7264175;0;68.9651871;31.23876;0;37.7264175;37.7264175;106.691605;
103.918747;103.918747;35.7045746;0;68.2141647;32.509594;0;35.7045746;35.7045746;103.918747;
101.033272;101.033272;33.6850548;0;67.3482208;33.6631737;0;33.6850548;33.6850548;101.033272;
98.0440826;98.0440826;31.6747589;0;66.3693237;34.694561;0;31.6747589;31.6747589;98.0440826;
94.9603424;94.9603424;29.6805782;0;65.2797699;35.5991936;0;29.6805782;29.6805782;94.9603424;
91.7914429;91.7914429;27.7093163;0;64.0821304;36.3728142;0;27.7093163;27.7093163;91.7914429;
88.5469131;88.5469131;25.7676411;0;62.7792702;37.0116234;0;25.7676411;25.7676411;88.5469131;
85.2364883;85.2364883;23.8622589;0;61.3742256;37.5119667;0;23.8622589;23.8622589;85.2364883;
81.8699112;81.8699112;21.9994488;0;59.8704605;37.871006;0;21.9994488;21.9994488;81.8699112;
78.4570312;78.4570312;20.1855469;0;58.2714844;38.0859375;0;20.1855469;20.1855469;78.4570312;
75.0075684;75.0075684;18.4264431;0;56.5811272;38.1546822;0;18.4264431;18.4264431;75.0075684;
71.5312195;71.5312195;16.7278557;0;54.8033714;38.0755234;0;16.7278557;16.7278557;71.5312195;
68.0375595;68.0375595;15.0951786;0;52.9423943;37.8472176;0;15.0951786;15.0951786;68.0375595;
64.5360107;64.5360107;13.5335102;0;51.002491;37.4689789;0;13.5335102;13.5335102;64.5360107;
61.0355492;61.0355492;12.0473747;0;48.9881668;36.9407883;0;12.0473747;12.0473747;61.0355492;
57.5450668;57.5450668;10.6411114;0;46.9039497;36.2628288;0;10.6411114;10.6411114;57.5450668;
54.0728874;54.0728874;9.31836224;0;44.7545204;35.4361649;0;9.31836224;9.31836224;54.0728874;
50.6271133;50.6271133;8.08256912;0;42.5445557;34.4619942;0;8.08256912;8.08256912;50.6271133;
47.2150002;47.2150002;6.93614721;0;40.2788506;33.3427086;0;6.93614721;6.93614721;47.2150002;
43.8434448;43.8434448;5.88129902;0;37.9621468;32.0808487;0;5.88129902;5.88129902;43.8434448;
40.5185013;40.5185013;4.91932487;0;35.5991783;30.6798534;0;4.91932487;4.91932487;40.5185013;
37.2456474;37.2456474;4.05097008;0;33.1946831;29.1437073;0;4.05097008;4.05097008;37.2456474;
34.0294647;34.0294647;3.27621818;0;30.7532444;27.4770298;0;3.27621818;3.27621818;34.0294647;
30.8734741;30.8734741;2.59407759;0;28.2793865;25.6853046;0;2.59407759;2.59407759;30.8734741;
27.7805576;27.7805576;2.00312257;0;25.7774372;23.774313;0;2.00312257;2.00312257;27.7805576;
24.7518921;24.7518921;1.50026917;0;23.2516308;21.7513695;0;1.50026917;1.50026917;24.7518921;
21.7882843;21.7882843;1.08240247;0;20.7058887;19.6234932;0;1.08240247;1.08240247;21.7882843;
18.888586;18.888586;0.744609833;0;18.1439686;17.3993511;0;0.744609833;0.744609833;18.888586;
16.0508461;16.0508461;0.481575727;0;15.5692778;15.0877094;0;0.481575727;0.481575727;16.0508461;
13.2708941;13.2708941;0.285923481;0;12.9849701;12.6990471;0;0.285923481;0.285923481;13.2708941;
10.5440054;10.5440054;0.150245428;0;10.3937616;10.243515;0;0.150245428;0.150245428;10.5440054;
7.86295795;7.86295795;0.0649333;0;7.79801512;7.73307562;0;0.0649333;0.0649333;7.86295795;
5.21950626;5.21950626;0.0198829174;0;5.19962025;5.17973995;0;0.0198829174;0.0198829174;5.21950626;
2.6023531;2.6023531;0.00237107277;0;2.59997344;2.59759545;0;0.00237107277;0.00237107277;2.6023531;
0;0;0;0;0;0;0;0;0;0;
2.59997177;2.60250735;0;0.00253553735;2.59997177;2.59997177;0.00253553735;0;0;2.60250735;
5.19959164;5.21936893;0;0.0197773166;5.19959164;5.19959164;0.0197773166;0;0;5.21936893;
7.79798031;7.86304617;0;0.0650663674;7.79798031;7.79798031;0.0650663674;0;0;7.86304617;
10.3937273;10.5440397;0;0.15031229;10.3937273;10.3937273;0.15031229;0;0;10.5440397;
12.9849319;13.2709885;0;0.286056072;12.9849319;12.9849319;0.286056072;0;0;13.2709885;
15.5692492;16.0507812;0;0.48153162;15.5692492;15.5692492;0.48153162;0;0;16.0507812;
18.1439266;18.8886528;0;0.744726062;18.1439266;18.1439266;0.744726062;0;0;18.8886528;
20.7058563;21.7882957;0;1.08243954;20.7058563;20.7058563;1.08243954;0;0;21.7882957;
23.2515926;24.7519341;0;1.50034261;23.2515926;23.2515926;1.50034261;0;0;24.7519341;
25.7774162;27.7804508;0;2.00303483;25.7774162;25.7774162;2.00303483;0;0;27.7804508;
28.2793541;30.8734512;0;2.59409857;28.2793541;28.2793541;2.59409857;0;0;30.8734512;
30.7532234;34.029377;0;3.27615595;30.7532234;30.7532234;3.27615595;0;0;34.029377;
33.1946602;37.2455788;0;4.05092049;33.1946602;33.1946602;4.05092049;0;0;37.2455788;
35.5991592;40.5184097;0;4.91925383;35.5991592;35.5991592;4.91925383;0;0;40.5184097;
37.9621048;43.8433113;0;5.88120985;37.9621048;37.9621048;5.88120985;0;0;43.8433113;
40.278801;47.2148933;0;6.93609285;40.278801;40.278801;6.93609285;0;0;47.2148933;
42.5445061;50.6270103;0;8.08250237;42.5445061;42.5445061;8.08250237;0;0;50.6270103;
44.754509;54.0729218;0;9.31841278;44.754509;44.754509;9.31841278;0;0;54.0729218;
46.9039536;57.5450516;0;10.6411018;46.9039536;46.9039536;10.6411018;0;0;57.5450516;
48.9881706;61.0355339;0;12.0473661;48.9881706;48.9881706;12.0473661;0;0;61.0355339;
51.0025024;64.5359726;0;13.5334654;51.0025024;51.0025024;13.5334654;0;0;64.5359726;
52.9423943;68.0375671;0;15.0951729;52.9423943;52.9423943;15.0951729;0;0;68.0375671;
54.8033752;71.5312195;0;16.7278461;54.8033752;54.8033752;16.7278461;0;0;71.5312195;
56.581131;75.0075607;0;18.4264317;56.581131;56.581131;18.4264317;0;0;75.0075607;
58.2714844;78.4570312;0;20.1855469;58.2714844;58.2714844;20.1855469;0;0;78.4570312;
59.8704529;81.8699341;0;21.9994812;59.8704529;59.8704529;21.9994812;0;0;81.8699341;
61.3742294;85.2364883;0;23.862257;61.3742294;61.3742294;23.862257;0;0;85.2364883;
62.7792358;88.5468979;0;25.7676678;62.7792358;62.7792358;25.7676678;0;0;88.5468979;
64.0821152;91.7914047;0;27.7092896;64.0821152;64.0821152;27.7092896;0;0;91.7914047;
65.2797546;94.9603043;0;29.6805496;65.2797546;65.2797546;29.6805496;0;0;94.9603043;
66.3693085;98.0440445;0;31.6747341;66.3693085;66.3693085;31.6747341;0;0;98.0440445;
67.3482056;101.033241;0;33.6850281;67.3482056;67.3482056;33.6850281;0;0;101.033241;
68.2141647;103.918709;0;35.7045517;68.2141647;68.2141647;35.7045517;0;0;103.918709;
68.9651794;106.691566;0;37.726387;68.9651794;68.9651794;37.726387;0;0;106.691566;
69.5995789;109.343185;0;39.7436066;69.5995789;69.5995789;39.7436066;0;0;109.343185;
70.1160049;111.865303;0;41.7492905;70.1160049;70.1160049;41.7492905;0;0;111.865303;
70.5134201;114.25;0;43.7365837;70.5134201;70.5134201;43.7365837;0;0;114.25;
70.7911224;116.489792;0;45.6986732;70.7911224;70.7911224;45.6986732;0;0;116.489792;
70.9487305;118.577614;0;47.6288834;70.9487305;70.9487305;47.6288834;0;0;118.577614;
70.9862366;120.506851;0;49.5206146;70.9862366;70.9862366;49.5206146;0;0;120.506851;
70.9039688;122.2714;0;51.3674316;70.9039688;70.9039688;51.3674316;0;0;122.2714;
70.7025986;123.865654;0;53.1630516;70.7025986;70.7025986;53.1630516;0;0;123.865654;
70.3831406;125.284531;0;54.9013863;70.3831406;70.3831406;54.9013863;0;0;125.284531;
69.946991;126.52356;0;56.5765724;69.946991;69.946991;56.5765724;0;0;126.52356;
69.3958435;127.578705;0;58.182869;69.3958435;69.3958435;58.182869;0;0;127.578705;
68.7317963;128.44664;0;59.7148476;68.7317963;68.7317963;59.7148476;0;0;128.44664;
67.9572678;129.124603;0;61.1673393;67.9572678;67.9572678;61.1673393;0;0;129.124603;
67.0750122;129.610413;0;62.5354004;67.0750122;67.0750122;62.5354004;0;0;129.610413;
66.0881042;129.902527;0;63.8144188;66.0881042;66.0881042;63.8144188;0;0;129.902527;
65;130;0;65;65;65;65;0;0;130;
63.8144264;129.902527;0;66.0880966;63.8144264;63.8144264;66.0880966;0;0;129.902527;
62.535408;129.610413;0;67.0750046;62.535408;62.535408;67.0750046;0;0;129.610413;
61.1673317;129.124603;0;67.9572754;61.1673317;61.1673317;67.9572754;0;0;129.124603;
59.7148476;128.44664;0;68.7318039;59.7148476;59.7148476;68.7318039;0;0;128.44664;
58.1828728;127.578705;0;69.3958282;58.1828728;58.1828728;69.3958282;0;0;127.578705;
56.5765762;126.52356;0;69.9469833;56.5765762;56.5765762;69.9469833;0;0;126.52356;
54.901432;125.284569;0;70.3831406;54.901432;54.901432;70.3831406;0;0;125.284569;
53.1631012;123.865692;0;70.7025909;53.1631012;53.1631012;70.7025909;0;0;123.865692;
51.3674927;122.271446;0;70.9039536;51.3674927;51.3674927;70.9039536;0;0;122.271446;
49.5206528;120.506897;0;70.9862366;49.5206528;49.5206528;70.9862366;0;0;120.506897;
47.6289253;118.57766;0;70.9487381;47.6289253;47.6289253;70.9487381;0;0;118.57766;
45.6987152;116.489845;0;70.7911301;45.6987152;45.6987152;70.7911301;0;0;116.489845;
43.7366371;114.250061;0;70.5134277;43.7366371;43.7366371;70.5134277;0;0;114.250061;
41.749321;111.865356;0;70.1160278;41.749321;41.749321;70.1160278;0;0;111.865356;
39.7436447;109.343246;0;69.5996017;39.7436447;39.7436447;69.5996017;0;0;109.343246;
37.7264328;106.691628;0;68.9651947;37.7264328;37.7264328;68.9651947;0;0;106.691628;
35.7046356;103.918793;0;68.2141647;35.7046356;35.7046356;68.2141647;0;0;103.918793;
33.6850548;101.033302;0;67.3482361;33.6850548;33.6850548;67.3482361;0;0;101.033302;
31.6747437;98.0440445;0;66.3693085;31.6747437;31.6747437;66.3693085;0;0;98.0440445;
29.6805305;94.9602966;0;65.2797623;29.6805305;29.6805305;65.2797623;0;0;94.9602966;
27.7092857;91.7914047;0;64.0821152;27.7092857;27.7092857;64.0821152;0;0;91.7914047;
25.767704;88.5469208;0;62.7792206;25.767704;25.767704;62.7792206;0;0;88.5469208;
23.8622589;85.2364883;0;61.3742256;23.8622589;23.8622589;61.3742256;0;0;85.2364883;
21.9994488;81.8699112;0;59.8704605;21.9994488;21.9994488;59.8704605;0;0;81.8699112;
20.1855469;78.4570312;0;58.2714844;20.1855469;20.1855469;58.2714844;0;0;78.4570312;
18.4264431;75.0075684;0;56.5811272;18.4264431;18.4264431;56.5811272;0;0;75.0075684;
16.7278557;71.5312195;0;54.8033714;16.7278557;16.7278557;54.8033714;0;0;71.5312195;
15.0951786;68.0375595;0;52.9423943;15.0951786;15.0951786;52.9423943;0;0;68.0375595;
13.5335102;64.5360107;0;51.002491;13.5335102;13.5335102;51.002491;0;0;64.5360107;
12.0473747;61.0355492;0;48.9881668;12.0473747;12.0473747;48.9881668;0;0;61.0355492;
10.6411114;57.5450668;0;46.9039497;10.6411114;10.6411114;46.9039497;0;0;57.5450668;
9.31836224;54.0728874;0;44.7545204;9.31836224;9.31836224;44.7545204;0;0;54.0728874;
8.08256912;50.6271133;0;42.5445557;8.08256912;8.08256912;42.5445557;0;0;50.6271133;
6.93614721;47.2150002;0;40.2788506;6.93614721;6.93614721;40.2788506;0;0;47.2150002;
5.88129902;43.8434448;0;37.9621468;5.88129902;5.88129902;37.9621468;0;0;43.8434448;
4.91926289;40.518486;0;35.5992165;4.91926289;4.91926289;35.5992165;0;0;40.518486;
4.05093908;37.2456474;0;33.1947174;4.05093908;4.05093908;33.1947174;0;0;37.2456474;
3.27631116;34.0295753;0;30.7532616;3.27631116;3.27631116;30.7532616;0;0;34.0295753;
2.59417057;30.8735676;0;28.2794075;2.59417057;2.59417057;28.2794075;0;0;30.8735676;
2.00304508;27.7805119;0;25.7774754;2.00304508;2.00304508;25.7774754;0;0;27.7805119;
1.50034666;24.7520008;0;23.2516537;1.50034666;1.50034666;23.2516537;0;0;24.7520008;
1.08247995;21.7883911;0;20.7059135;1.08247995;1.08247995;20.7059135;0;0;21.7883911;
0.744687319;18.8886795;0;18.1439934;0.744687319;0.744687319;18.1439934;0;0;18.8886795;
0.481467247;16.0507832;0;15.569315;0.481467247;0.481467247;15.569315;0;0;16.0507832;
0.286031961;13.270956;0;12.9849339;0.286031961;0.286031961;12.9849339;0;0;13.270956;
0.1504004;10.5441141;0;10.3937235;0.1504004;0.1504004;10.3937235;0;0;10.5441141;
0.0650882721;7.8630662;0;7.79797935;0.0650882721;0.0650882721;7.79797935;0;0;7.8630662;
0.0197899342;5.21938229;0;5.19959116;0.0197899342;0.0197899342;5.19959116;0;0;5.21938229;
0.00237107277;2.6023531;0;2.59997344;0.00237107277;0.00237107277;2.59997344;0;0;2.6023531;
0;0;0;0;0;0;0;0;0;0;
0;2.59997177;0.00253553735;2.59997177;0;0.00253553735;2.60250735;0.00253553735;0;2.59997177;
0;5.19959164;0.0197773166;5.19959164;0;0.0197773166;5.21936893;0.0197773166;0;5.19959164;
0;7.79798031;0.0650663674;7.79798031;0;0.0650663674;7.86304617;0.0650663674;0;7.79798031;
0;10.3937273;0.15031229;10.3937273;0;0.15031229;10.5440397;0.15031229;0;10.3937273;
0;12.9849319;0.286056072;12.9849319;0;0.286056072;13.2709885;0.286056072;0;12.9849319;
0;15.5692492;0.48153162;15.5692492;0;0.48153162;16.0507812;0.48153162;0;15.5692492;
0;18.1439266;0.744726062;18.1439266;0;0.744726062;18.8886528;0.744726062;0;18.1439266;
0;20.7058563;1.08243954;20.7058563;0;1.08243954;21.7882957;1.08243954;0;20.7058563;
0;23.2515926;1.50034261;23.2515926;0;1.50034261;24.7519341;1.50034261;0;23.2515926;
0;25.7774162;2.00303483;25.7774162;0;2.00303483;27.7804508;2.00303483;0;25.7774162;
0;28.2793541;2.59409857;28.2793541;0;2.59409857;30.8734512;2.59409857;0;28.2793541;
0;30.7532234;3.27615595;30.7532234;0;3.27615595;34.029377;3.27615595;0;30.7532234;
0;33.1946602;4.05092049;33.1946602;0;4.05092049;37.2455788;4.05092049;0;33.1946602;
0;35.5991592;4.91925383;35.5991592;0;4.91925383;40.5184097;4.91925383;0;35.5991592;
0;37.9621048;5.88120985;37.9621048;0;5.88120985;43.8433113;5.88120985;0;37.9621048;
0;40.278801;6.93609285;40.278801;0;6.93609285;47.2148933;6.93609285;0;40.278801;
0;42.5445061;8.08250237;42.5445061;0;8.08250237;50.6270103;8.08250237;0;42.5445061;
0;44.7544594;9.31838322;44.7544594;0;9.31838322;54.0728416;9.31838322;0;44.7544594;
0;46.903904;10.6410685;46.903904;0;10.6410685;57.5449715;10.6410685;0;46.903904;
0;48.988121;12.0473328;48.988121;0;12.0473328;61.0354538;12.0473328;0;48.988121;
0;51.0025024;13.5334654;51.0025024;0;13.5334654;64.5359726;13.5334654;0;51.0025024;
0;52.9423943;15.0951729;52.9423943;0;15.0951729;68.0375671;15.0951729;0;52.9423943;
0;54.8033752;16.7278461;54.8033752;0;16.7278461;71.5312195;16.7278461;0;54.8033752;
0;56.581131;18.4264317;56.581131;0;18.4264317;75.0075607;18.4264317;0;56.581131;
0;58.2714844;20.1855469;58.2714844;0;20.1855469;78.4570312;20.1855469;0;58.2714844;
0;59.8704529;21.9994812;59.8704529;0;21.9994812;81.8699341;21.9994812;0;59.8704529;
0;61.3742294;23.862257;61.3742294;0;23.862257;85.2364883;23.862257;0;61.3742294;
0;62.7792358;25.7676678;62.7792358;0;25.7676678;88.5468979;25.7676678;0;62.7792358;
0;64.0821152;27.7092896;64.0821152;0;27.7092896;91.7914047;27.7092896;0;64.0821152;
0;65.2797546;29.6805496;65.2797546;0;29.6805496;94.9603043;29.6805496;0;65.2797546;
0;66.3693085;31.6747341;66.3693085;0;31.6747341;98.0440445;31.6747341;0;66.3693085;
0;67.3482056;33.6850281;67.3482056;0;33.6850281;101.033241;33.6850281;0;67.3482056;
0;68.2141647;35.7045517;68.2141647;0;35.7045517;103.918709;35.7045517;0;68.2141647;
0;68.9651794;37.726387;68.9651794;0;37.726387;106.691566;37.726387;0;68.9651794;
0;69.5995789;39.7436066;69.5995789;0;39.7436066;109.343185;39.7436066;0;69.5995789;
0;70.1160049;41.7492905;70.1160049;0;41.7492905;111.865303;41.7492905;0;70.1160049;
0;70.5134201;43.7365837;70.5134201;0;43.7365837;114.25;43.7365837;0;70.5134201;
0;70.7911224;45.6986732;70.7911224;0;45.6986732;116.489792;45.6986732;0;70.7911224;
0;70.9487305;47.6288834;70.9487305;0;47.6288834;118.577614;47.6288834;0;70.9487305;
0;70.9862366;49.5206146;70.9862366;0;49.5206146;120.506851;49.5206146;0;70.9862366;
0;70.9039688;51.3674316;70.9039688;0;51.3674316;122.2714;51.3674316;0;70.9039688;
0;70.7025986;53.1630516;70.7025986;0;53.1630516;123.865654;53.1630516;0;70.7025986;
0;70.3831406;54.9013863;70.3831406;0;54.9013863;125.284531;54.9013863;0;70.3831406;
0;69.946991;56.5765381;69.946991;0;56.5765381;126.523529;56.5765381;0;69.946991;
0;69.3958511;58.1828308;69.3958511;0;58.1828308;127.578682;58.1828308;0;69.3958511;
0;68.7317963;59.7148476;68.7317963;0;59.7148476;128.44664;59.7148476;0;68.7317963;
0;67.9572678;61.1673393;67.9572678;0;61.1673393;129.124603;61.1673393;0;67.9572678;
0;67.0750122;62.5354004;67.0750122;0;62.5354004;129.610413;62.5354004;0;67.0750122;
0;66.0881042;63.8144188;66.0881042;0;63.8144188;129.902527;63.8144188;0;66.0881042;
0;65;65;65;0;65;130;65;0;65;
0;63.8144264;66.0880966;63.8144264;0;66.0880966;129.902527;66.0880966;0;63.8144264;
0;62.535408;67.0750046;62.535408;0;67.0750046;129.610413;67.0750046;0;62.535408;
0;61.1673317;67.9572754;61.1673317;0;67.9572754;129.124603;67.9572754;0;61.1673317;
0;59.7148476;68.7318039;59.7148476;0;68.7318039;128.44664;68.7318039;0;59.7148476;
0;58.1828728;69.3958282;58.1828728;0;69.3958282;127.578705;69.3958282;0;58.1828728;
0;56.5765762;69.9469833;56.5765762;0;69.9469833;126.52356;69.9469833;0;56.5765762;
0;54.901432;70.3831406;54.901432;0;70.3831406;125.284569;70.3831406;0;54.901432;
0;53.1631012;70.7025909;53.1631012;0;70.7025909;123.865692;70.7025909;0;53.1631012;
0;51.3674927;70.9039536;51.3674927;0;70.9039536;122.271446;70.9039536;0;51.3674927;
0;49.5206528;70.9862366;49.5206528;0;70.9862366;120.506897;70.9862366;0;49.5206528;
0;47.6289253;70.9487381;47.6289253;0;70.9487381;118.57766;70.9487381;0;47.6289253;
0;45.6987152;70.7911301;45.6987152;0;70.7911301;116.489845;70.7911301;0;45.6987152;
0;43.7366371;70.5134277;43.7366371;0;70.5134277;114.250061;70.5134277;0;43.7366371;
0;41.749321;70.1160278;41.749321;0;70.1160278;111.865356;70.1160278;0;41.749321;
0;39.7436447;69.5996017;39.7436447;0;69.5996017;109.343246;69.5996017;0;39.7436447;
0;37.7264328;68.9651947;37.7264328;0;68.9651947;106.691628;68.9651947;0;37.7264328;
0;35.7046356;68.2141647;35.7046356;0;68.2141647;103.918793;68.2141647;0;35.7046356;
0;33.6850548;67.3482361;33.6850548;0;67.3482361;101.033302;67.3482361;0;33.6850548;
0;31.6747742;66.369339;31.6747742;0;66.369339;98.0441132;66.369339;0;31.6747742;
0;29.6805782;65.2797852;29.6805782;0;65.2797852;94.9603729;65.2797852;0;29.6805782;
0;27.7093639;64.0821304;27.7093639;0;64.0821304;91.7914963;64.0821304;0;27.7093639;
0;25.767704;62.7792206;25.767704;0;62.7792206;88.5469208;62.7792206;0;25.767704;
0;23.8622589;61.3742256;23.8622589;0;61.3742256;85.2364883;61.3742256;0;23.8622589;
0;21.9994488;59.8704605;21.9994488;0;59.8704605;81.8699112;59.8704605;0;21.9994488;
0;20.1855469;58.2714844;20.1855469;0;58.2714844;78.4570312;58.2714844;0;20.1855469;
0;18.4264431;56.5811272;18.4264431;0;56.5811272;75.0075684;56.5811272;0;18.4264431;
0;16.7278557;54.8033714;16.7278557;0;54.8033714;71.5312195;54.8033714;0;16.7278557;
0;15.0951786;52.9423943;15.0951786;0;52.9423943;68.0375595;52.9423943;0;15.0951786;
0;13.5335102;51.002491;13.5335102;0;51.002491;64.5360107;51.002491;0;13.5335102;
0;12.0473747;48.9881668;12.0473747;0;48.9881668;61.0355492;48.9881668;0;12.0473747;
0;10.6411114;46.9039497;10.6411114;0;46.9039497;57.5450668;46.9039497;0;10.6411114;
0;9.31836224;44.7545204;9.31836224;0;44.7545204;54.0728874;44.7545204;0;9.31836224;
0;8.08256912;42.5445557;8.08256912;0;42.5445557;50.6271133;42.5445557;0;8.08256912;
0;6.93614721;40.2788506;6.93614721;0;40.2788506;47.2150002;40.2788506;0;6.93614721;
0;5.88129902;37.9621468;5.88129902;0;37.9621468;43.8434448;37.9621468;0;5.88129902;
0;4.91926289;35.5992165;4.91926289;0;35.5992165;40.518486;35.5992165;0;4.91926289;
0;4.05093908;33.1947174;4.05093908;0;33.1947174;37.2456474;33.1947174;0;4.05093908;
0;3.27631116;30.7532616;3.27631116;0;30.7532616;34.0295753;30.7532616;0;3.27631116;
0;2.59417057;28.2794075;2.59417057;0;28.2794075;30.8735676;28.2794075;0;2.59417057;
0;2.00304508;25.7774754;2.00304508;0;25.7774754;27.7805119;25.7774754;0;2.00304508;
0;1.50034666;23.2516537;1.50034666;0;23.2516537;24.7520008;23.2516537;0;1.50034666;
0;1.08247995;20.7059135;1.08247995;0;20.7059135;21.7883911;20.7059135;0;1.08247995;
0;0.744687319;18.1439934;0.744687319;0;18.1439934;18.8886795;18.1439934;0;0.744687319;
0;0.481467247;15.569315;0.481467247;0;15.569315;16.0507832;15.569315;0;0.481467247;
0;0.286016464;12.9849958;0.286016464;0;12.9849958;13.2710028;12.9849958;0;0.286016464;
0;0.150353909;10.3937874;0.150353909;0;10.3937874;10.5441456;10.3937874;0;0.150353909;
0;0.0650882721;7.79797935;0.0650882721;0;7.79797935;7.8630662;7.79797935;0;0.0650882721;
0;0.0197899342;5.19959116;0.0197899342;0;5.19959116;5.21938229;5.19959116;0;0.0197899342;
0;0.00237107277;2.59997344;0.00237107277;0;2.59997344;2.6023531;2.59997344;0;0.00237107277;
0;0;0;0;0;0;0;0;0;0;
0;0;2.59990978;0.00253535737;0;2.60244536;2.59990978;2.59737468;0.00253535737;0.00253535737;
0;0;5.19959164;0.0197773166;0;5.21936893;5.19959164;5.17981434;0.0197773166;0.0197773166;
0;0;7.79791832;0.0650648475;0;7.86298275;7.79791832;7.73285341;0.0650648475;0.0650648475;
0;0;10.3937273;0.15031229;0;10.5440397;10.3937273;10.2434149;0.15031229;0.15031229;
0;0;12.98487;0.286052167;0;13.2709227;12.98487;12.6988182;0.286052167;0.286052167;
0;0;15.5692492;0.48153162;0;16.0507812;15.5692492;15.0877171;0.48153162;0.48153162;
0;0;18.1438675;0.744718969;0;18.888586;18.1438675;17.399147;0.744718969;0.744718969;
0;0;20.7058563;1.08243954;0;21.7882957;20.7058563;19.623415;1.08243954;1.08243954;
0;0;23.2515316;1.50033188;0;24.7518635;23.2515316;21.7512016;1.50033188;1.50033188;
0;0;25.7774162;2.00303483;0;27.7804508;25.7774162;23.7743797;2.00303483;2.00303483;
0;0;28.2794132;2.59411359;0;30.8735275;28.2794132;25.6853008;2.59411359;2.59411359;
0;0;30.7532234;3.27615595;0;34.029377;30.7532234;27.477066;3.27615595;3.27615595;
0;0;33.1947174;4.05094051;0;37.2456551;33.1947174;29.1437759;4.05094051;4.05094051;
0;0;35.5991592;4.91925383;0;40.5184097;35.5991592;30.679903;4.91925383;4.91925383;
0;0;37.9621582;5.88123369;0;43.8433952;37.9621582;32.080925;5.88123369;5.88123369;
0;0;40.278801;6.93609285;0;47.2148933;40.278801;33.3427086;6.93609285;6.93609285;
0;0;42.5445633;8.08253098;0;50.6270905;42.5445633;34.4620323;8.08253098;8.08253098;
0;0;44.7544594;9.31838322;0;54.0728416;44.7544594;35.4360771;9.31838322;9.31838322;
0;0;46.9039536;10.6411018;0;57.5450516;46.9039536;36.2628555;10.6411018;10.6411018;
0;0;48.988121;12.0473328;0;61.0354538;48.988121;36.9407883;12.0473328;12.0473328;
0;0;51.0025024;13.5334654;0;64.5359726;51.0025024;37.4690399;13.5334654;13.5334654;
0;0;52.9423485;15.0951376;0;68.0374832;52.9423485;37.8472099;15.0951376;15.0951376;
0;0;54.8033752;16.7278461;0;71.5312195;54.8033752;38.075531;16.7278461;16.7278461;
0;0;56.581089;18.4263935;0;75.0074768;56.581089;38.1546936;18.4263935;18.4263935;
0;0;58.2714844;20.1855469;0;78.4570312;58.2714844;38.0859375;20.1855469;20.1855469;
0;0;59.8704109;21.9994373;0;81.8698502;59.8704109;37.8709755;21.9994373;21.9994373;
0;0;61.3742294;23.862257;0;85.2364883;61.3742294;37.5119705;23.862257;23.862257;
0;0;62.7792053;25.7676201;0;88.5468216;62.7792053;37.0115814;25.7676201;25.7676201;
0;0;64.0821152;27.7092896;0;91.7914047;64.0821152;36.3728218;27.7092896;27.7092896;
0;0;65.2797241;29.6805019;0;94.9602356;65.2797241;35.5992241;29.6805019;29.6805019;
0;0;66.3693085;31.6747341;0;98.0440445;66.3693085;34.6945763;31.6747341;31.6747341;
0;0;67.3481827;33.6849823;0;101.033173;67.3481827;33.6632042;33.6849823;33.6849823;
0;0;68.2141647;35.7045517;0;103.918709;68.2141647;32.509613;35.7045517;35.7045517;
0;0;68.9651642;37.7263412;0;106.691505;68.9651642;31.238821;37.7263412;37.7263412;
0;0;69.5995789;39.7436066;0;109.343185;69.5995789;29.8559742;39.7436066;39.7436066;
0;0;70.1160126;41.7493362;0;111.865356;70.1160126;28.3666782;41.7493362;41.7493362;
0;0;70.5134201;43.7365837;0;114.25;70.5134201;26.7768345;43.7365837;43.7365837;
0;0;70.7911224;45.6987228;0;116.489845;70.7911224;25.0923958;45.6987228;45.6987228;
0;0;70.9487305;47.6288834;0;118.577614;70.9487305;23.319849;47.6288834;47.6288834;
0;0;70.9862442;49.5206566;0;120.506897;70.9862442;21.4655857;49.5206566;49.5206566;
0;0;70.9039688;51.3674316;0;122.2714;70.9039688;19.5365391;51.3674316;51.3674316;
0;0;70.7025909;53.1630936;0;123.865685;70.7025909;17.5394993;53.1630936;53.1630936;
0;0;70.3831406;54.9013863;0;125.284531;70.3831406;15.4817572;54.9013863;54.9013863;
0;0;69.946991;56.5765724;0;126.52356;69.946991;13.37041;56.5765724;56.5765724;
0;0;69.3958511;58.1828308;0;127.578682;69.3958511;11.2130203;58.1828308;58.1828308;
0;0;68.7317963;59.7148476;0;128.44664;68.7317963;9.01694965;59.7148476;59.7148476;
0;0;67.957283;61.1673088;0;129.124588;67.957283;6.78997755;61.1673088;61.1673088;
0;0;67.0750122;62.5354004;0;129.610413;67.0750122;4.53961277;62.5354004;62.5354004;
0;0;66.0881348;63.8143806;0;129.902527;66.0881348;2.27375793;63.8143806;63.8143806;
0;0;65;65;0;130;65;0;65;65;
0;0;63.8144493;66.088089;0;129.902527;63.8144493;2.27364182;66.088089;66.088089;
0;0;62.535408;67.0750046;0;129.610413;62.535408;4.53959703;67.0750046;67.0750046;
0;0;61.1673775;67.9572449;0;129.124619;61.1673775;6.78986931;67.9572449;67.9572449;
0;0;59.7148476;68.7318039;0;128.44664;59.7148476;9.01695728;68.7318039;68.7318039;
0;0;58.1829033;69.3958282;0;127.578735;58.1829033;11.2129269;69.3958282;69.3958282;
0;0;56.5765762;69.9469833;0;126.52356;56.5765762;13.3704014;69.9469833;69.9469833;
0;0;54.9014702;70.3831329;0;125.284599;54.9014702;15.4816637;70.3831329;70.3831329;
0;0;53.1631012;70.7025909;0;123.865692;53.1631012;17.5394917;70.7025909;70.7025909;
0;0;51.3675079;70.9039688;0;122.271484;51.3675079;19.5364609;70.9039688;70.9039688;
0;0;49.5206528;70.9862366;0;120.506897;49.5206528;21.4655857;70.9862366;70.9862366;
0;0;47.6288681;70.9487457;0;118.577606;47.6288681;23.3198719;70.9487457;70.9487457;
0;0;45.6987152;70.7911301;0;116.489845;45.6987152;25.0924129;70.7911301;70.7911301;
0;0;43.7365608;70.5134277;0;114.249992;43.7365608;26.776865;70.5134277;70.5134277;
0;0;41.749321;70.1160278;0;111.865356;41.749321;28.3667088;70.1160278;70.1160278;
0;0;39.7436028;69.5995789;0;109.343185;39.7436028;29.8559742;69.5995789;69.5995789;
0;0;37.7264328;68.9651947;0;106.691628;37.7264328;31.23876;68.9651947;68.9651947;
0;0;35.7045593;68.2141571;0;103.918716;35.7045593;32.509594;68.2141571;68.2141571;
0;0;33.6850548;67.3482361;0;101.033302;33.6850548;33.6631737;67.3482361;67.3482361;
0;0;31.6747437;66.3693085;0;98.0440445;31.6747437;34.6945763;66.3693085;66.3693085;
0;0;29.6805782;65.2797852;0;94.9603729;29.6805782;35.5992088;65.2797852;65.2797852;
0;0;27.7092857;64.0821152;0;91.7914047;27.7092857;36.3728294;64.0821152;64.0821152;
0;0;25.767704;62.779274;0;88.5469666;25.767704;37.0115776;62.779274;62.779274;
0;0;23.8622589;61.3742256;0;85.2364883;23.8622589;37.5119667;61.3742256;61.3742256;
0;0;21.999527;59.8704872;0;81.8700104;21.999527;37.8709602;59.8704872;59.8704872;
0;0;20.1855469;58.2714844;0;78.4570312;20.1855469;38.0859375;58.2714844;58.2714844;
0;0;18.4264908;56.5811653;0;75.0076447;18.4264908;38.1546822;56.5811653;56.5811653;
0;0;16.7278557;54.8033714;0;71.5312195;16.7278557;38.0755234;54.8033714;54.8033714;
0;0;15.0952415;52.9424286;0;68.0376663;15.0952415;37.847187;52.9424286;52.9424286;
0;0;13.5335102;51.002491;0;64.5360107;13.5335102;37.4689789;51.002491;51.002491;
0;0;12.0474358;48.9882088;0;61.0356445;12.0474358;36.940773;48.9882088;48.9882088;
0;0;10.6411114;46.9039497;0;57.5450668;10.6411114;36.2628288;46.9039497;46.9039497;
0;0;9.31842422;44.7545662;0;54.072998;9.31842422;35.4361458;44.7545662;44.7545662;
0;0;8.08256912;42.5445557;0;50.6271133;8.08256912;34.4619942;42.5445557;42.5445557;
0;0;6.9362092;40.2788963;0;47.2151108;6.9362092;33.3426933;40.2788963;40.2788963;
0;0;5.88129902;37.9621468;0;43.8434448;5.88129902;32.0808487;37.9621468;37.9621468;
0;0;4.91932487;35.5992661;0;40.5185966;4.91932487;30.6799469;35.5992661;35.5992661;
0;0;4.05093908;33.1947174;0;37.2456474;4.05093908;29.1437855;33.1947174;33.1947174;
0;0;3.27614069;30.7532253;0;34.0293579;3.27614069;27.4770908;30.7532253;30.7532253;
0;0;2.59417057;28.2794075;0;30.8735676;2.59417057;25.6852417;28.2794075;28.2794075;
0;0;2.00302958;25.7774181;0;27.7804489;2.00302958;23.7743912;25.7774181;25.7774181;
0;0;1.50034666;23.2516537;0;24.7520008;1.50034666;21.7513065;23.2516537;23.2516537;
0;0;1.08247995;20.7058525;0;21.7883301;1.08247995;19.6233711;20.7058525;20.7058525;
0;0;0.744687319;18.1439934;0;18.8886795;0.744687319;17.3993034;18.1439934;18.1439934;
0;0;0.481467247;15.569253;0;16.0507221;0.481467247;15.0877867;15.569253;15.569253;
0;0;0.286016464;12.9849958;0;13.2710028;0.286016464;12.6989851;12.9849958;12.9849958;
0;0;0.1504004;10.3937235;0;10.5441141;0.1504004;10.243329;10.3937235;10.3937235;
0;0;0.0650417805;7.79804277;0;7.86308193;0.0650417805;7.73299789;7.79804277;7.79804277;
0;0;0.0197899342;5.19959116;0;5.21938229;0.0197899342;5.17980194;5.19959116;5.19959116;
0;0;0.00257253647;2.60003328;0;2.60261655;0.00257253647;2.59745598;2.60003328;2.60003328;
0;0;0;0;0;0;0;0;0;0;
0;0.00253535737;0;2.59990978;0.00253535737;2.59737468;0.00253535737;2.59990978;2.60244536;2.60244536;
0;0.0197773166;0;5.19959164;0.0197773166;5.17981434;0.0197773166;5.19959164;5.21936893;5.21936893;
0;0.0650648475;0;7.79791832;0.0650648475;7.73285341;0.0650648475;7.79791832;7.86298275;7.86298275;
0;0.15031229;0;10.3937273;0.15031229;10.2434149;0.15031229;10.3937273;10.5440397;10.5440397;
0;0.286052167;0;12.98487;0.286052167;12.6988182;0.286052167;12.98487;13.2709227;13.2709227;
0;0.48153162;0;15.5692492;0.48153162;15.0877171;0.48153162;15.5692492;16.0507812;16.0507812;
0;0.744718969;0;18.1438675;0.744718969;17.399147;0.744718969;18.1438675;18.888586;18.888586;
0;1.08243954;0;20.7058563;1.08243954;19.623415;1.08243954;20.7058563;21.7882957;21.7882957;
0;1.50033188;0;23.2515316;1.50033188;21.7512016;1.50033188;23.2515316;24.7518635;24.7518635;
0;2.00303483;0;25.7774162;2.00303483;23.7743797;2.00303483;25.7774162;27.7804508;27.7804508;
0;2.59408331;0;28.279295;2.59408331;25.6852112;2.59408331;28.279295;30.8733788;30.8733788;
0;3.27615595;0;30.7532234;3.27615595;27.477066;3.27615595;30.7532234;34.029377;34.029377;
0;4.05094051;0;33.1947174;4.05094051;29.1437759;4.05094051;33.1947174;37.2456551;37.2456551;
0;4.91925383;0;35.5991592;4.91925383;30.679903;4.91925383;35.5991592;40.5184097;40.5184097;
0;5.88123369;0;37.9621582;5.88123369;32.080925;5.88123369;37.9621582;43.8433952;43.8433952;
0;6.93609285;0;40.278801;6.93609285;33.3427086;6.93609285;40.278801;47.2148933;47.2148933;
0;8.08253098;0;42.5445633;8.08253098;34.4620323;8.08253098;42.5445633;50.6270905;50.6270905;
0;9.31838322;0;44.7544594;9.31838322;35.4360771;9.31838322;44.7544594;54.0728416;54.0728416;
0;10.6411018;0;46.9039536;10.6411018;36.2628555;10.6411018;46.9039536;57.5450516;57.5450516;
0;12.0473328;0;48.988121;12.0473328;36.9407883;12.0473328;48.988121;61.0354538;61.0354538;
0;13.5334654;0;51.0025024;13.5334654;37.4690399;13.5334654;51.0025024;64.5359726;64.5359726;
0;15.0951376;0;52.9423485;15.0951376;37.8472099;15.0951376;52.9423485;68.0374832;68.0374832;
0;16.7278461;0;54.8033752;16.7278461;38.075531;16.7278461;54.8033752;71.5312195;71.5312195;
0;18.4263935;0;56.581089;18.4263935;38.1546936;18.4263935;56.581089;75.0074768;75.0074768;
0;20.1855469;0;58.2714844;20.1855469;38.0859375;20.1855469;58.2714844;78.4570312;78.4570312;
0;21.9994373;0;59.8704109;21.9994373;37.8709755;21.9994373;59.8704109;81.8698502;81.8698502;
0;23.862257;0;61.3742294;23.862257;37.5119705;23.862257;61.3742294;85.2364883;85.2364883;
0;25.7676201;0;62.7792053;25.7676201;37.0115814;25.7676201;62.7792053;88.5468216;88.5468216;
0;27.7092896;0;64.0821152;27.7092896;36.3728218;27.7092896;64.0821152;91.7914047;91.7914047;
0;29.6805019;0;65.2797241;29.6805019;35.5992241;29.6805019;65.2797241;94.9602356;94.9602356;
0;31.6747341;0;66.3693085;31.6747341;34.6945763;31.6747341;66.3693085;98.0440445;98.0440445;
0;33.6849823;0;67.3481827;33.6849823;33.6632042;33.6849823;67.3481827;101.033173;101.033173;
0;35.7045517;0;68.2141647;35.7045517;32.509613;35.7045517;68.2141647;103.918709;103.918709;
0;37.7263412;0;68.9651642;37.7263412;31.238821;37.7263412;68.9651642;106.691505;106.691505;
0;39.7436066;0;69.5995789;39.7436066;29.8559742;39.7436066;69.5995789;109.343185;109.343185;
0;41.7492409;0;70.1159973;41.7492409;28.3667545;41.7492409;70.1159973;111.865234;111.865234;
0;43.7365837;0;70.5134201;43.7365837;26.7768345;43.7365837;70.5134201;114.25;114.25;
0;45.6987228;0;70.7911224;45.6987228;25.0923958;45.6987228;70.7911224;116.489845;116.489845;
0;47.6288834;0;70.9487305;47.6288834;23.319849;47.6288834;70.9487305;118.577614;118.577614;
0;49.5206566;0;70.9862442;49.5206566;21.4655857;49.5206566;70.9862442;120.506897;120.506897;
0;51.3674316;0;70.9039688;51.3674316;19.5365391;51.3674316;70.9039688;122.2714;122.2714;
0;53.1630936;0;70.7025909;53.1630936;17.5394993;53.1630936;70.7025909;123.865685;123.865685;
0;54.9013863;0;70.3831406;54.9013863;15.4817572;54.9013863;70.3831406;125.284531;125.284531;
0;56.5765724;0;69.946991;56.5765724;13.37041;56.5765724;69.946991;126.52356;126.52356;
0;58.1828308;0;69.3958511;58.1828308;11.2130203;58.1828308;69.3958511;127.578682;127.578682;
0;59.7148476;0;68.7317963;59.7148476;9.01694965;59.7148476;68.7317963;128.44664;128.44664;
0;61.1673088;0;67.957283;61.1673088;6.78997755;61.1673088;67.957283;129.124588;129.124588;
0;62.5354004;0;67.0750122;62.5354004;4.53961277;62.5354004;67.0750122;129.610413;129.610413;
0;63.8143806;0;66.0881348;63.8143806;2.27375793;63.8143806;66.0881348;129.902527;129.902527;
0;65;0;65;65;0;65;65;130;130;
0;66.088089;0;63.8144493;66.088089;2.27364182;66.088089;63.8144493;129.902527;129.902527;
0;67.0750046;0;62.535408;67.0750046;4.53959703;67.0750046;62.535408;129.610413;129.610413;
0;67.9572449;0;61.1673775;67.9572449;6.78986931;67.9572449;61.1673775;129.124619;129.124619;
0;68.7318039;0;59.7148476;68.7318039;9.01695728;68.7318039;59.7148476;128.44664;128.44664;
0;69.3958282;0;58.1829033;69.3958282;11.2129269;69.3958282;58.1829033;127.578735;127.578735;
0;69.9469833;0;56.5765762;69.9469833;13.3704014;69.9469833;56.5765762;126.52356;126.52356;
0;70.3831329;0;54.9014702;70.3831329;15.4816637;70.3831329;54.9014702;125.284599;125.284599;
0;70.7025909;0;53.1631012;70.7025909;17.5394917;70.7025909;53.1631012;123.865692;123.865692;
0;70.9039688;0;51.3675079;70.9039688;19.5364609;70.9039688;51.3675079;122.271484;122.271484;
0;70.9862366;0;49.5206528;70.9862366;21.4655857;70.9862366;49.5206528;120.506897;120.506897;
0;70.9487305;0;47.6289787;70.9487305;23.3197479;70.9487305;47.6289787;118.577705;118.577705;
0;70.7911301;0;45.6987152;70.7911301;25.0924129;70.7911301;45.6987152;116.489845;116.489845;
0;70.513443;0;43.7366676;70.513443;26.7767735;70.513443;43.7366676;114.250107;114.250107;
0;70.1160278;0;41.749321;70.1160278;28.3667088;70.1160278;41.749321;111.865356;111.865356;
0;69.5995789;0;39.7436028;69.5995789;29.8559742;69.5995789;39.7436028;109.343185;109.343185;
0;68.9651947;0;37.7264328;68.9651947;31.23876;68.9651947;37.7264328;106.691628;106.691628;
0;68.2141571;0;35.7045593;68.2141571;32.509594;68.2141571;35.7045593;103.918716;103.918716;
0;67.3482361;0;33.6850548;67.3482361;33.6631737;67.3482361;33.6850548;101.033302;101.033302;
0;66.3693085;0;31.6747437;66.3693085;34.6945763;66.3693085;31.6747437;98.0440445;98.0440445;
0;65.2797852;0;29.6805782;65.2797852;35.5992088;65.2797852;29.6805782;94.9603729;94.9603729;
0;64.0821152;0;27.7092857;64.0821152;36.3728294;64.0821152;27.7092857;91.7914047;91.7914047;
0;62.779274;0;25.767704;62.779274;37.0115776;62.779274;25.767704;88.5469666;88.5469666;
0;61.3742256;0;23.8622589;61.3742256;37.5119667;61.3742256;23.8622589;85.2364883;85.2364883;
0;59.8704872;0;21.999527;59.8704872;37.8709602;59.8704872;21.999527;81.8700104;81.8700104;
0;58.2714844;0;20.1855469;58.2714844;38.0859375;58.2714844;20.1855469;78.4570312;78.4570312;
0;56.5811653;0;18.4264908;56.5811653;38.1546822;56.5811653;18.4264908;75.0076447;75.0076447;
0;54.8033714;0;16.7278557;54.8033714;38.0755234;54.8033714;16.7278557;71.5312195;71.5312195;
0;52.9424286;0;15.0952415;52.9424286;37.847187;52.9424286;15.0952415;68.0376663;68.0376663;
0;51.002491;0;13.5335102;51.002491;37.4689789;51.002491;13.5335102;64.5360107;64.5360107;
0;48.9882088;0;12.0474358;48.9882088;36.940773;48.9882088;12.0474358;61.0356445;61.0356445;
0;46.9039497;0;10.6411114;46.9039497;36.2628288;46.9039497;10.6411114;57.5450668;57.5450668;
0;44.7545662;0;9.31842422;44.7545662;35.4361458;44.7545662;9.31842422;54.072998;54.072998;
0;42.5445557;0;8.08256912;42.5445557;34.4619942;42.5445557;8.08256912;50.6271133;50.6271133;
0;40.2788963;0;6.9362092;40.2788963;33.3426933;40.2788963;6.9362092;47.2151108;47.2151108;
0;37.9621468;0;5.88129902;37.9621468;32.0808487;37.9621468;5.88129902;43.8434448;43.8434448;
0;35.5992661;0;4.91932487;35.5992661;30.6799469;35.5992661;4.91932487;40.5185966;40.5185966;
0;33.1947174;0;4.05093908;33.1947174;29.1437855;33.1947174;4.05093908;37.2456474;37.2456474;
0;30.753336;0;3.27621818;30.753336;27.4771233;30.753336;3.27621818;34.0295448;34.0295448;
0;28.2794075;0;2.59417057;28.2794075;25.6852417;28.2794075;2.59417057;30.8735676;30.8735676;
0;25.7774181;0;2.00302958;25.7774181;23.7743912;25.7774181;2.00302958;27.7804489;27.7804489;
0;23.2516537;0;1.50034666;23.2516537;21.7513065;23.2516537;1.50034666;24.7520008;24.7520008;
0;20.7058525;0;1.08247995;20.7058525;19.6233711;20.7058525;1.08247995;21.7883301;21.7883301;
0;18.1439934;0;0.744687319;18.1439934;17.3993034;18.1439934;0.744687319;18.8886795;18.8886795;
0;15.569253;0;0.481467247;15.569253;15.0877867;15.569253;0.481467247;16.0507221;16.0507221;
0;12.9849958;0;0.286016464;12.9849958;12.6989851;12.9849958;0.286016464;13.2710028;13.2710028;
0;10.3937235;0;0.1504004;10.3937235;10.243329;10.3937235;0.1504004;10.5441141;10.5441141;
0;7.79804277;0;0.0650417805;7.79804277;7.73299789;7.79804277;0.0650417805;7.86308193;7.86308193;
0;5.19959116;0;0.0197899342;5.19959116;5.17980194;5.19959116;0.0197899342;5.21938229;5.21938229;
0;2.60003328;0;0.00257253647;2.60003328;2.59745598;2.60003328;0.00257253647;2.60261655;2.60261655;
0;0;0;0;0;0;0;0;0;0;
0.00253535737;2.59737468;0;0.00253535737;2.59737468;2.59737468;2.59990978;0;2.59737468;2.59737468;
0.0197773166;5.17981434;0;0.0197773166;5.17981434;5.17981434;5.19959164;0;5.17981434;5.17981434;
0.0650648475;7.73285341;0;0.0650648475;7.73285341;7.73285341;7.79791832;0;7.73285341;7.73285341;
0.15031229;10.2434149;0;0.15031229;10.2434149;10.2434149;10.3937273;0;10.2434149;10.2434149;
0.286052167;12.6988182;0;0.286052167;12.6988182;12.6988182;12.98487;0;12.6988182;12.6988182;
0.48153162;15.0877171;0;0.48153162;15.0877171;15.0877171;15.5692492;0;15.0877171;15.0877171;
0.744718969;17.399147;0;0.744718969;17.399147;17.399147;18.1438675;0;17.399147;17.399147;
1.08243954;19.623415;0;1.08243954;19.623415;19.623415;20.7058563;0;19.623415;19.623415;
1.50033188;21.7512016;0;1.50033188;21.7512016;21.7512016;23.2515316;0;21.7512016;21.7512016;
2.00303483;23.7743797;0;2.00303483;23.7743797;23.7743797;25.7774162;0;23.7743797;23.7743797;
2.59408331;25.6852112;0;2.59408331;25.6852112;25.6852112;28.279295;0;25.6852112;25.6852112;
3.27615595;27.477066;0;3.27615595;27.477066;27.477066;30.7532234;0;27.477066;27.477066;
4.05090141;29.1436996;0;4.05090141;29.1436996;29.1436996;33.1945992;0;29.1436996;29.1436996;
4.91925383;30.679903;0;4.91925383;30.679903;30.679903;35.5991592;0;30.679903;30.679903;
5.88123369;32.080925;0;5.88123369;32.080925;32.080925;37.9621582;0;32.080925;32.080925;
6.93609285;33.3427086;0;6.93609285;33.3427086;33.3427086;40.278801;0;33.3427086;33.3427086;
8.08253098;34.4620323;0;8.08253098;34.4620323;34.4620323;42.5445633;0;34.4620323;34.4620323;
9.31838322;35.4360771;0;9.31838322;35.4360771;35.4360771;44.7544594;0;35.4360771;35.4360771;
10.6411018;36.2628555;0;10.6411018;36.2628555;36.2628555;46.9039536;0;36.2628555;36.2628555;
12.0473328;36.9407883;0;12.0473328;36.9407883;36.9407883;48.988121;0;36.9407883;36.9407883;
13.5334654;37.4690399;0;13.5334654;37.4690399;37.4690399;51.0025024;0;37.4690399;37.4690399;
15.0951376;37.8472099;0;15.0951376;37.8472099;37.8472099;52.9423485;0;37.8472099;37.8472099;
16.7278461;38.075531;0;16.7278461;38.075531;38.075531;54.8033752;0;38.075531;38.075531;
18.4263935;38.1546936;0;18.4263935;38.1546936;38.1546936;56.581089;0;38.1546936;38.1546936;
20.1855469;38.0859375;0;20.1855469;38.0859375;38.0859375;58.2714844;0;38.0859375;38.0859375;
21.9994373;37.8709755;0;21.9994373;37.8709755;37.8709755;59.8704109;0;37.8709755;37.8709755;
23.862257;37.5119705;0;23.862257;37.5119705;37.5119705;61.3742294;0;37.5119705;37.5119705;
25.7676201;37.0115814;0;25.7676201;37.0115814;37.0115814;62.7792053;0;37.0115814;37.0115814;
27.7092896;36.3728218;0;27.7092896;36.3728218;36.3728218;64.0821152;0;36.3728218;36.3728218;
29.6805019;35.5992241;0;29.6805019;35.5992241;35.5992241;65.2797241;0;35.5992241;35.5992241;
31.6747341;34.6945763;0;31.6747341;34.6945763;34.6945763;66.3693085;0;34.6945763;34.6945763;
33.6849823;33.6632042;0;33.6849823;33.6632042;33.6632042;67.3481827;0;33.6632042;33.6632042;
35.7045517;32.509613;0;35.7045517;32.509613;32.509613;68.2141647;0;32.509613;32.509613;
37.7263412;31.238821;0;37.7263412;31.238821;31.238821;68.9651642;0;31.238821;31.238821;
39.7436066;29.8559742;0;39.7436066;29.8559742;29.8559742;69.5995789;0;29.8559742;29.8559742;
41.7492409;28.3667545;0;41.7492409;28.3667545;28.3667545;70.1159973;0;28.3667545;28.3667545;
43.7365837;26.7768345;0;43.7365837;26.7768345;26.7768345;70.5134201;0;26.7768345;26.7768345;
45.6986237;25.0924892;0;45.6986237;25.0924892;25.0924892;70.7911148;0;25.0924892;25.0924892;
47.6288834;23.319849;0;47.6288834;23.319849;23.319849;70.9487305;0;23.319849;23.319849;
49.5205727;21.4656696;0;49.5205727;21.4656696;21.4656696;70.9862442;0;21.4656696;21.4656696;
51.3674316;19.5365391;0;51.3674316;19.5365391;19.5365391;70.9039688;0;19.5365391;19.5365391;
53.1630936;17.5394993;0;53.1630936;17.5394993;17.5394993;70.7025909;0;17.5394993;17.5394993;
54.9013863;15.4817572;0;54.9013863;15.4817572;15.4817572;70.3831406;0;15.4817572;15.4817572;
56.5765724;13.37041;0;56.5765724;13.37041;13.37041;69.946991;0;13.37041;13.37041;
58.1828308;11.2130203;0;58.1828308;11.2130203;11.2130203;69.3958511;0;11.2130203;11.2130203;
59.7148476;9.01694965;0;59.7148476;9.01694965;9.01694965;68.7317963;0;9.01694965;9.01694965;
61.1673088;6.78997755;0;61.1673088;6.78997755;6.78997755;67.957283;0;6.78997755;6.78997755;
62.5354004;4.53961277;0;62.5354004;4.53961277;4.53961277;67.0750122;0;4.53961277;4.53961277;
63.8143806;2.27375793;0;63.8143806;2.27375793;2.27375793;66.0881348;0;2.27375793;2.27375793;
65;0;0;65;0;0;65;0;0;0;
66.088089;2.27364182;0;66.088089;2.27364182;2.27364182;63.8144493;0;2.27364182;2.27364182;
67.0750046;4.53959703;0;67.0750046;4.53959703;4.53959703;62.535408;0;4.53959703;4.53959703;
67.9572449;6.78986931;0;67.9572449;6.78986931;6.78986931;61.1673775;0;6.78986931;6.78986931;
68.7318039;9.01695728;0;68.7318039;9.01695728;9.01695728;59.7148476;0;9.01695728;9.01695728;
69.3958282;11.2129269;0;69.3958282;11.2129269;11.2129269;58.1829033;0;11.2129269;11.2129269;
69.9469833;13.3704014;0;69.9469833;13.3704014;13.3704014;56.5765762;0;13.3704014;13.3704014;
70.3831329;15.4816637;0;70.3831329;15.4816637;15.4816637;54.9014702;0;15.4816637;15.4816637;
70.7025909;17.5394917;0;70.7025909;17.5394917;17.5394917;53.1631012;0;17.5394917;17.5394917;
70.9039688;19.5364609;0;70.9039688;19.5364609;19.5364609;51.3675079;0;19.5364609;19.5364609;
70.9862366;21.4655857;0;70.9862366;21.4655857;21.4655857;49.5206528;0;21.4655857;21.4655857;
70.9487305;23.3197479;0;70.9487305;23.3197479;23.3197479;47.6289787;0;23.3197479;23.3197479;
70.7911301;25.0924129;0;70.7911301;25.0924129;25.0924129;45.6987152;0;25.0924129;25.0924129;
70.513443;26.7767735;0;70.513443;26.7767735;26.7767735;43.7366676;0;26.7767735;26.7767735;
70.1160278;28.3667088;0;70.1160278;28.3667088;28.3667088;41.749321;0;28.3667088;28.3667088;
69.5996094;29.8559132;0;69.5996094;29.8559132;29.8559132;39.7436981;0;29.8559132;29.8559132;
68.9651947;31.23876;0;68.9651947;31.23876;31.23876;37.7264328;0;31.23876;31.23876;
68.2141571;32.509594;0;68.2141571;32.509594;32.509594;35.7045593;0;32.509594;32.509594;
67.3482361;33.6631737;0;67.3482361;33.6631737;33.6631737;33.6850548;0;33.6631737;33.6631737;
66.3693085;34.6945763;0;66.3693085;34.6945763;34.6945763;31.6747437;0;34.6945763;34.6945763;
65.2797852;35.5992088;0;65.2797852;35.5992088;35.5992088;29.6805782;0;35.5992088;35.5992088;
64.0821152;36.3728294;0;64.0821152;36.3728294;36.3728294;27.7092857;0;36.3728294;36.3728294;
62.779274;37.0115776;0;62.779274;37.0115776;37.0115776;25.767704;0;37.0115776;37.0115776;
61.3742256;37.5119667;0;61.3742256;37.5119667;37.5119667;23.8622589;0;37.5119667;37.5119667;
59.8704872;37.8709602;0;59.8704872;37.8709602;37.8709602;21.999527;0;37.8709602;37.8709602;
58.2714844;38.0859375;0;58.2714844;38.0859375;38.0859375;20.1855469;0;38.0859375;38.0859375;
56.5811653;38.1546822;0;56.5811653;38.1546822;38.1546822;18.4264908;0;38.1546822;38.1546822;
54.8033714;38.0755234;0;54.8033714;38.0755234;38.0755234;16.7278557;0;38.0755234;38.0755234;
52.9424286;37.847187;0;52.9424286;37.847187;37.847187;15.0952415;0;37.847187;37.847187;
51.002491;37.4689789;0;51.002491;37.4689789;37.4689789;13.5335102;0;37.4689789;37.4689789;
48.9882088;36.940773;0;48.9882088;36.940773;36.940773;12.0474358;0;36.940773;36.940773;
46.9039497;36.2628288;0;46.9039497;36.2628288;36.2628288;10.6411114;0;36.2628288;36.2628288;
44.7545662;35.4361458;0;44.7545662;35.4361458;35.4361458;9.31842422;0;35.4361458;35.4361458;
42.5445557;34.4619942;0;42.5445557;34.4619942;34.4619942;8.08256912;0;34.4619942;34.4619942;
40.2788963;33.3426933;0;40.2788963;33.3426933;33.3426933;6.9362092;0;33.3426933;33.3426933;
37.9621468;32.0808487;0;37.9621468;32.0808487;32.0808487;5.88129902;0;32.0808487;32.0808487;
35.5992661;30.6799469;0;35.5992661;30.6799469;30.6799469;4.91932487;0;30.6799469;30.6799469;
33.1947174;29.1437855;0;33.1947174;29.1437855;29.1437855;4.05093908;0;29.1437855;29.1437855;
30.753336;27.4771233;0;30.753336;27.4771233;27.4771233;3.27621818;0;27.4771233;27.4771233;
28.2794075;25.6852417;0;28.2794075;25.6852417;25.6852417;2.59417057;0;25.6852417;25.6852417;
25.7775364;23.7744675;0;25.7775364;23.7744675;23.7744675;2.00306058;0;23.7744675;23.7744675;
23.2516537;21.7513065;0;23.2516537;21.7513065;21.7513065;1.50034666;0;21.7513065;21.7513065;
20.7058525;19.6233711;0;20.7058525;19.6233711;19.6233711;1.08247995;0;19.6233711;19.6233711;
18.1439934;17.3993034;0;18.1439934;17.3993034;17.3993034;0.744687319;0;17.3993034;17.3993034;
15.569253;15.0877867;0;15.569253;15.0877867;15.0877867;0.481467247;0;15.0877867;15.0877867;
12.9849958;12.6989851;0;12.9849958;12.6989851;12.6989851;0.286016464;0;12.6989851;12.6989851;
10.3937235;10.243329;0;10.3937235;10.243329;10.243329;0.1504004;0;10.243329;10.243329;
7.79804277;7.73299789;0;7.79804277;7.73299789;7.73299789;0.0650417805;0;7.73299789;7.73299789;
5.19959116;5.17980194;0;5.19959116;5.17980194;5.17980194;0.0197899342;0;5.17980194;5.17980194;
2.60003328;2.59745598;0;2.60003328;2.59745598;2.59745598;0.00257253647;0;2.59745598;2.59745598;
0;0;0;0;0;0;0;0;0;0;
2.59990978;2.59737468;0;2.60244536;2.59737468;2.59990978;0;0.00253535737;2.59737468;2.60244536;
5.19959164;5.17981434;0;5.21936893;5.17981434;5.19959164;0;0.0197773166;5.17981434;5.21936893;
7.79791832;7.73285341;0;7.86298275;7.73285341;7.79791832;0;0.0650648475;7.73285341;7.86298275;
10.3937273;10.2434149;0;10.5440397;10.2434149;10.3937273;0;0.15031229;10.2434149;10.5440397;
12.98487;12.6988182;0;13.2709227;12.6988182;12.98487;0;0.286052167;12.6988182;13.2709227;
15.5692492;15.0877171;0;16.0507812;15.0877171;15.5692492;0;0.48153162;15.0877171;16.0507812;
18.1438675;17.399147;0;18.888586;17.399147;18.1438675;0;0.744718969;17.399147;18.888586;
20.7058563;19.623415;0;21.7882957;19.623415;20.7058563;0;1.08243954;19.623415;21.7882957;
23.2515316;21.7512016;0;24.7518635;21.7512016;23.2515316;0;1.50033188;21.7512016;24.7518635;
25.7774162;23.7743797;0;27.7804508;23.7743797;25.7774162;0;2.00303483;23.7743797;27.7804508;
28.279295;25.6852112;0;30.8733788;25.6852112;28.279295;0;2.59408331;25.6852112;30.8733788;
30.7532234;27.477066;0;34.029377;27.477066;30.7532234;0;3.27615595;27.477066;34.029377;
33.1945992;29.1436996;0;37.2455025;29.1436996;33.1945992;0;4.05090141;29.1436996;37.2455025;
35.5991592;30.679903;0;40.5184097;30.679903;35.5991592;0;4.91925383;30.679903;40.5184097;
37.9620476;32.080864;0;43.843235;32.080864;37.9620476;0;5.88118601;32.080864;43.843235;
40.278801;33.3427086;0;47.2148933;33.3427086;40.278801;0;6.93609285;33.3427086;47.2148933;
42.5445633;34.4620323;0;50.6270905;34.4620323;42.5445633;0;8.08253098;34.4620323;50.6270905;
44.7544594;35.4360771;0;54.0728416;35.4360771;44.7544594;0;9.31838322;35.4360771;54.0728416;
46.9039536;36.2628555;0;57.5450516;36.2628555;46.9039536;0;10.6411018;36.2628555;57.5450516;
48.988121;36.9407883;0;61.0354538;36.9407883;48.988121;0;12.0473328;36.9407883;61.0354538;
51.0025024;37.4690399;0;64.5359726;37.4690399;51.0025024;0;13.5334654;37.4690399;64.5359726;
52.9423485;37.8472099;0;68.0374832;37.8472099;52.9423485;0;15.0951376;37.8472099;68.0374832;
54.8033752;38.075531;0;71.5312195;38.075531;54.8033752;0;16.7278461;38.075531;71.5312195;
56.581089;38.1546936;0;75.0074768;38.1546936;56.581089;0;18.4263935;38.1546936;75.0074768;
58.2714844;38.0859375;0;78.4570312;38.0859375;58.2714844;0;20.1855469;38.0859375;78.4570312;
59.8704109;37.8709755;0;81.8698502;37.8709755;59.8704109;0;21.9994373;37.8709755;81.8698502;
61.3742294;37.5119705;0;85.2364883;37.5119705;61.3742294;0;23.862257;37.5119705;85.2364883;
62.7792053;37.0115814;0;88.5468216;37.0115814;62.7792053;0;25.7676201;37.0115814;88.5468216;
64.0821152;36.3728218;0;91.7914047;36.3728218;64.0821152;0;27.7092896;36.3728218;91.7914047;
65.2797241;35.5992241;0;94.9602356;35.5992241;65.2797241;0;29.6805019;35.5992241;94.9602356;
66.3693085;34.6945763;0;98.0440445;34.6945763;66.3693085;0;31.6747341;34.6945763;98.0440445;
67.3481827;33.6632042;0;101.033173;33.6632042;67.3481827;0;33.6849823;33.6632042;101.033173;
68.2141647;32.509613;0;103.918709;32.509613;68.2141647;0;35.7045517;32.509613;103.918709;
68.9651642;31.238821;0;106.691505;31.238821;68.9651642;0;37.7263412;31.238821;106.691505;
69.5995789;29.8559742;0;109.343185;29.8559742;69.5995789;0;39.7436066;29.8559742;109.343185;
70.1159973;28.3667545;0;111.865234;28.3667545;70.1159973;0;41.7492409;28.3667545;111.865234;
70.5134201;26.7768345;0;114.25;26.7768345;70.5134201;0;43.7365837;26.7768345;114.25;
70.7911148;25.0924892;0;116.489738;25.0924892;70.7911148;0;45.6986237;25.0924892;116.489738;
70.9487305;23.319849;0;118.577614;23.319849;70.9487305;0;47.6288834;23.319849;118.577614;
70.9862442;21.4656696;0;120.506813;21.4656696;70.9862442;0;49.5205727;21.4656696;120.506813;
70.9039688;19.5365391;0;122.2714;19.5365391;70.9039688;0;51.3674316;19.5365391;122.2714;
70.7025986;17.5395927;0;123.865616;17.5395927;70.7025986;0;53.1630135;17.5395927;123.865616;
70.3831406;15.4817572;0;125.284531;15.4817572;70.3831406;0;54.9013863;15.4817572;125.284531;
69.946991;13.37041;0;126.52356;13.37041;69.946991;0;56.5765724;13.37041;126.52356;
69.3958511;11.2130203;0;127.578682;11.2130203;69.3958511;0;58.1828308;11.2130203;127.578682;
68.7317963;9.01694965;0;128.44664;9.01694965;68.7317963;0;59.7148476;9.01694965;128.44664;
67.957283;6.78997755;0;129.124588;6.78997755;67.957283;0;61.1673088;6.78997755;129.124588;
67.0750122;4.53961277;0;129.610413;4.53961277;67.0750122;0;62.5354004;4.53961277;129.610413;
66.0881348;2.27375793;0;129.902527;2.27375793;66.0881348;0;63.8143806;2.27375793;129.902527;
65;0;0;130;0;65;0;65;0;130;
63.8144493;2.27364182;0;129.902527;2.27364182;63.8144493;0;66.088089;2.27364182;129.902527;
62.535408;4.53959703;0;129.610413;4.53959703;62.535408;0;67.0750046;4.53959703;129.610413;
61.1673775;6.78986931;0;129.124619;6.78986931;61.1673775;0;67.9572449;6.78986931;129.124619;
59.7148476;9.01695728;0;128.44664;9.01695728;59.7148476;0;68.7318039;9.01695728;128.44664;
58.1829033;11.2129269;0;127.578735;11.2129269;58.1829033;0;69.3958282;11.2129269;127.578735;
56.5765762;13.3704014;0;126.52356;13.3704014;56.5765762;0;69.9469833;13.3704014;126.52356;
54.9014702;15.4816637;0;125.284599;15.4816637;54.9014702;0;70.3831329;15.4816637;125.284599;
53.1631012;17.5394917;0;123.865692;17.5394917;53.1631012;0;70.7025909;17.5394917;123.865692;
51.3675079;19.5364609;0;122.271484;19.5364609;51.3675079;0;70.9039688;19.5364609;122.271484;
49.5206528;21.4655857;0;120.506897;21.4655857;49.5206528;0;70.9862366;21.4655857;120.506897;
47.6289787;23.3197479;0;118.577705;23.3197479;47.6289787;0;70.9487305;23.3197479;118.577705;
45.6987152;25.0924129;0;116.489845;25.0924129;45.6987152;0;70.7911301;25.0924129;116.489845;
43.7366676;26.7767735;0;114.250107;26.7767735;43.7366676;0;70.513443;26.7767735;114.250107;
41.749321;28.3667088;0;111.865356;28.3667088;41.749321;0;70.1160278;28.3667088;111.865356;
39.7436981;29.8559132;0;109.343307;29.8559132;39.7436981;0;69.5996094;29.8559132;109.343307;
37.7264328;31.23876;0;106.691628;31.23876;37.7264328;0;68.9651947;31.23876;106.691628;
35.7046509;32.5095444;0;103.918854;32.5095444;35.7046509;0;68.2141953;32.5095444;103.918854;
33.6850548;33.6631737;0;101.033302;33.6631737;33.6850548;0;67.3482361;33.6631737;101.033302;
31.6747437;34.6945763;0;98.0440445;34.6945763;31.6747437;0;66.3693085;34.6945763;98.0440445;
29.6805782;35.5992088;0;94.9603729;35.5992088;29.6805782;0;65.2797852;35.5992088;94.9603729;
27.7092857;36.3728294;0;91.7914047;36.3728294;27.7092857;0;64.0821152;36.3728294;91.7914047;
25.767704;37.0115776;0;88.5469666;37.0115776;25.767704;0;62.779274;37.0115776;88.5469666;
23.8622589;37.5119667;0;85.2364883;37.5119667;23.8622589;0;61.3742256;37.5119667;85.2364883;
21.999527;37.8709602;0;81.8700104;37.8709602;21.999527;0;59.8704872;37.8709602;81.8700104;
20.1855469;38.0859375;0;78.4570312;38.0859375;20.1855469;0;58.2714844;38.0859375;78.4570312;
18.4264908;38.1546822;0;75.0076447;38.1546822;18.4264908;0;56.5811653;38.1546822;75.0076447;
16.7278557;38.0755234;0;71.5312195;38.0755234;16.7278557;0;54.8033714;38.0755234;71.5312195;
15.0952415;37.847187;0;68.0376663;37.847187;15.0952415;0;52.9424286;37.847187;68.0376663;
13.5335102;37.4689789;0;64.5360107;37.4689789;13.5335102;0;51.002491;37.4689789;64.5360107;
12.0474358;36.940773;0;61.0356445;36.940773;12.0474358;0;48.9882088;36.940773;61.0356445;
10.6411114;36.2628288;0;57.5450668;36.2628288;10.6411114;0;46.9039497;36.2628288;57.5450668;
9.31842422;35.4361458;0;54.072998;35.4361458;9.31842422;0;44.7545662;35.4361458;54.072998;
8.08256912;34.4619942;0;50.6271133;34.4619942;8.08256912;0;42.5445557;34.4619942;50.6271133;
6.9362092;33.3426933;0;47.2151108;33.3426933;6.9362092;0;40.2788963;33.3426933;47.2151108;
5.88129902;32.0808487;0;43.8434448;32.0808487;5.88129902;0;37.9621468;32.0808487;43.8434448;
4.91932487;30.6799469;0;40.5185966;30.6799469;4.91932487;0;35.5992661;30.6799469;40.5185966;
4.05093908;29.1437855;0;37.2456474;29.1437855;4.05093908;0;33.1947174;29.1437855;37.2456474;
3.27621818;27.4771233;0;34.0295448;27.4771233;3.27621818;0;30.753336;27.4771233;34.0295448;
2.59417057;25.6852417;0;30.8735676;25.6852417;2.59417057;0;28.2794075;25.6852417;30.8735676;
2.00306058;23.7744675;0;27.7806053;23.7744675;2.00306058;0;25.7775364;23.7744675;27.7806053;
1.50034666;21.7513065;0;24.7520008;21.7513065;1.50034666;0;23.2516537;21.7513065;24.7520008;
1.08251095;19.6234627;0;21.7884846;19.6234627;1.08251095;0;20.7059727;19.6234627;21.7884846;
0.744687319;17.3993034;0;18.8886795;17.3993034;0.744687319;0;18.1439934;17.3993034;18.8886795;
0.481467247;15.0877867;0;16.0507221;15.0877867;0.481467247;0;15.569253;15.0877867;16.0507221;
0.286016464;12.6989851;0;13.2710028;12.6989851;0.286016464;0;12.9849958;12.6989851;13.2710028;
0.1504004;10.243329;0;10.5441141;10.243329;0.1504004;0;10.3937235;10.243329;10.5441141;
0.0650417805;7.73299789;0;7.86308193;7.73299789;0.0650417805;0;7.79804277;7.73299789;7.86308193;
0.0197899342;5.17980194;0;5.21938229;5.17980194;0.0197899342;0;5.19959116;5.17980194;5.21938229;
0.00257253647;2.59745598;0;2.60261655;2.59745598;0.00257253647;0;2.60003328;2.59745598;2.60261655;
0;0;0;0;0;0;0;0;0;0;
0.0025357171;2.60003376;0.0025357171;2.60003376;2.59749818;0.0025357171;0.0025357171;2.60003376;2.60003376;2.60256958;
0.0197759252;5.19946766;0.0197759252;5.19946766;5.17969179;0.0197759252;0.0197759252;5.19946766;5.19946766;5.21924353;
0.0650648475;7.79791832;0.0650648475;7.79791832;7.73285341;0.0650648475;0.0650648475;7.79791832;7.79791832;7.86298275;
0.15031229;10.3937273;0.15031229;10.3937273;10.2434149;0.15031229;0.15031229;10.3937273;10.3937273;10.5440397;
0.286060005;12.9849939;0.286060005;12.9849939;12.6989336;0.286060005;0.286060005;12.9849939;12.9849939;13.2710543;
0.481520772;15.5691261;0.481520772;15.5691261;15.0876045;0.481520772;0.481520772;15.5691261;15.5691261;16.0506477;
0.744718969;18.1438675;0.744718969;18.1438675;17.399147;0.744718969;0.744718969;18.1438675;18.1438675;18.888586;
1.08243954;20.7058563;1.08243954;20.7058563;19.623415;1.08243954;1.08243954;20.7058563;20.7058563;21.7882957;
1.50035369;23.2516518;1.50035369;23.2516518;21.7512989;1.50035369;1.50035369;23.2516518;23.2516518;24.7520065;
2.00300884;25.7772961;2.00300884;25.7772961;23.7742882;2.00300884;2.00300884;25.7772961;25.7772961;27.780304;
2.59408331;28.279295;2.59408331;28.279295;25.6852112;2.59408331;2.59408331;28.279295;28.279295;30.8733788;
3.27615595;30.7532234;3.27615595;30.7532234;27.477066;3.27615595;3.27615595;30.7532234;30.7532234;34.029377;
4.05094051;33.1947174;4.05094051;33.1947174;29.1437759;4.05094051;4.05094051;33.1947174;33.1947174;37.2456551;
4.91921043;35.599041;4.91921043;35.599041;30.6798344;4.91921043;4.91921043;35.599041;35.599041;40.5182571;
5.88118601;37.9620476;5.88118601;37.9620476;32.080864;5.88118601;5.88118601;37.9620476;37.9620476;43.843235;
6.93609285;40.278801;6.93609285;40.278801;33.3427086;6.93609285;6.93609285;40.278801;40.278801;47.2148933;
8.08253098;42.5445633;8.08253098;42.5445633;34.4620323;8.08253098;8.08253098;42.5445633;42.5445633;50.6270905;
9.31832218;44.7543564;9.31832218;44.7543564;35.4360313;9.31832218;9.31832218;44.7543564;44.7543564;54.0726776;
10.641037;46.9038544;10.641037;46.9038544;36.2628136;10.641037;10.641037;46.9038544;46.9038544;57.5448914;
12.0473328;48.988121;12.0473328;48.988121;36.9407883;12.0473328;12.0473328;48.988121;48.988121;61.0354538;
13.5334654;51.0025024;13.5334654;51.0025024;37.4690399;13.5334654;13.5334654;51.0025024;51.0025024;64.5359726;
15.0952129;52.94244;15.0952129;52.94244;37.8472252;15.0952129;15.0952129;52.94244;52.94244;68.0376511;
16.7277679;54.8032875;16.7277679;54.8032875;38.0755234;16.7277679;16.7277679;54.8032875;54.8032875;71.5310593;
18.4263935;56.581089;18.4263935;56.581089;38.1546936;18.4263935;18.4263935;56.581089;56.581089;75.0074768;
20.1855469;58.2714844;20.1855469;58.2714844;38.0859375;20.1855469;20.1855469;58.2714844;58.2714844;78.4570312;
21.9995232;59.8704872;21.9995232;59.8704872;37.8709641;21.9995232;21.9995232;59.8704872;59.8704872;81.8700104;
23.8621674;61.3741608;23.8621674;61.3741608;37.5119934;23.8621674;23.8621674;61.3741608;61.3741608;85.2363205;
25.7676201;62.7792053;25.7676201;62.7792053;37.0115814;25.7676201;25.7676201;62.7792053;62.7792053;88.5468216;
27.7092896;64.0821152;27.7092896;64.0821152;36.3728218;27.7092896;27.7092896;64.0821152;64.0821152;91.7914047;
29.6805992;65.2797775;29.6805992;65.2797775;35.5991821;29.6805992;29.6805992;65.2797775;65.2797775;94.9603806;
31.6746387;66.3692627;31.6746387;66.3692627;34.6946259;31.6746387;31.6746387;66.3692627;66.3692627;98.0438995;
33.6849823;67.3481827;33.6849823;67.3481827;33.6632042;33.6849823;33.6849823;67.3481827;67.3481827;101.033173;
35.7045517;68.2141647;35.7045517;68.2141647;32.509613;35.7045517;35.7045517;68.2141647;68.2141647;103.918709;
37.7264366;68.9651947;37.7264366;68.9651947;31.23876;37.7264366;37.7264366;68.9651947;68.9651947;106.691635;
39.7435112;69.599556;39.7435112;69.599556;29.856041;39.7435112;39.7435112;69.599556;69.599556;109.343063;
41.7492409;70.1159973;41.7492409;70.1159973;28.3667545;41.7492409;41.7492409;70.1159973;70.1159973;111.865234;
43.7365837;70.5134201;43.7365837;70.5134201;26.7768345;43.7365837;43.7365837;70.5134201;70.5134201;114.25;
45.6987228;70.7911224;45.6987228;70.7911224;25.0923958;45.6987228;45.6987228;70.7911224;70.7911224;116.489845;
47.6287918;70.9487305;47.6287918;70.9487305;23.3199348;47.6287918;47.6287918;70.9487305;70.9487305;118.577522;
49.5205727;70.9862442;49.5205727;70.9862442;21.4656696;49.5205727;49.5205727;70.9862442;70.9862442;120.506813;
51.3674316;70.9039688;51.3674316;70.9039688;19.5365391;51.3674316;51.3674316;70.9039688;70.9039688;122.2714;
53.1630936;70.7025909;53.1630936;70.7025909;17.5394993;53.1630936;53.1630936;70.7025909;70.7025909;123.865685;
54.9013062;70.3831635;54.9013062;70.3831635;15.4818573;54.9013062;54.9013062;70.3831635;70.3831635;125.28447;
56.5764999;69.9470062;56.5764999;69.9470062;13.3705025;56.5764999;56.5764999;69.9470062;69.9470062;126.523506;
58.1828308;69.3958511;58.1828308;69.3958511;11.2130203;58.1828308;58.1828308;69.3958511;69.3958511;127.578682;
59.7148476;68.7317963;59.7148476;68.7317963;9.01694965;59.7148476;59.7148476;68.7317963;68.7317963;128.44664;
61.167366;67.9572525;61.167366;67.9572525;6.78988457;61.167366;61.167366;67.9572525;67.9572525;129.124619;
62.5353432;67.075058;62.5353432;67.075058;4.53971338;62.5353432;62.5353432;67.075058;67.075058;129.610397;
63.8143806;66.0881348;63.8143806;66.0881348;2.27375793;63.8143806;63.8143806;66.0881348;66.0881348;129.902527;
65;65;65;65;0;65;65;65;65;130;
66.0881348;63.8143845;66.0881348;63.8143845;2.27375031;66.0881348;66.0881348;63.8143845;63.8143845;129.902527;
67.0749588;62.5354729;67.0749588;62.5354729;4.53948879;67.0749588;67.0749588;62.5354729;62.5354729;129.610428;
67.9572449;61.1673775;67.9572449;61.1673775;6.78986931;67.9572449;67.9572449;61.1673775;61.1673775;129.124619;
68.7318039;59.7148476;68.7318039;59.7148476;9.01695728;68.7318039;68.7318039;59.7148476;59.7148476;128.44664;
69.3958588;58.1828232;69.3958588;58.1828232;11.2130356;69.3958588;69.3958588;58.1828232;58.1828232;127.578682;
69.9469604;56.5766487;69.9469604;56.5766487;13.3703089;69.9469604;69.9469604;56.5766487;56.5766487;126.523613;
70.3831329;54.9014702;70.3831329;54.9014702;15.4816637;70.3831329;70.3831329;54.9014702;54.9014702;125.284599;
70.7025909;53.1631012;70.7025909;53.1631012;17.5394917;70.7025909;70.7025909;53.1631012;53.1631012;123.865692;
70.9039688;51.3674316;70.9039688;51.3674316;19.5365391;70.9039688;70.9039688;51.3674316;51.3674316;122.2714;
70.9862366;49.5207443;70.9862366;49.5207443;21.4654922;70.9862366;70.9862366;49.5207443;49.5207443;120.506981;
70.9487305;47.6289787;70.9487305;47.6289787;23.3197479;70.9487305;70.9487305;47.6289787;47.6289787;118.577705;
70.7911301;45.6987152;70.7911301;45.6987152;25.0924129;70.7911301;70.7911301;45.6987152;45.6987152;116.489845;
70.5134277;43.7365608;70.5134277;43.7365608;26.776865;70.5134277;70.5134277;43.7365608;43.7365608;114.249992;
70.1160431;41.7494316;70.1160431;41.7494316;28.3666153;70.1160431;70.1160431;41.7494316;41.7494316;111.865471;
69.5996094;39.7436981;69.5996094;39.7436981;29.8559132;69.5996094;69.5996094;39.7436981;39.7436981;109.343307;
68.9651947;37.7264328;68.9651947;37.7264328;31.23876;68.9651947;68.9651947;37.7264328;37.7264328;106.691628;
68.2141571;35.7045593;68.2141571;35.7045593;32.509594;68.2141571;68.2141571;35.7045593;35.7045593;103.918716;
67.3482666;33.6851807;67.3482666;33.6851807;33.6630821;67.3482666;67.3482666;33.6851807;33.6851807;101.033455;
66.3693542;31.6748352;66.3693542;31.6748352;34.6945267;66.3693542;66.3693542;31.6748352;31.6748352;98.0441895;
65.2797852;29.6805782;65.2797852;29.6805782;35.5992088;65.2797852;65.2797852;29.6805782;29.6805782;94.9603729;
64.0821152;27.7092857;64.0821152;27.7092857;36.3728294;64.0821152;64.0821152;27.7092857;27.7092857;91.7914047;
62.7791939;25.7676411;62.7791939;25.7676411;37.0115471;62.7791939;62.7791939;25.7676411;25.7676411;88.5468369;
61.3742981;23.8623524;61.3742981;23.8623524;37.5119362;61.3742981;61.3742981;23.8623524;23.8623524;85.2366562;
59.8704872;21.999527;59.8704872;21.999527;37.8709602;59.8704872;59.8704872;21.999527;21.999527;81.8700104;
58.2714844;20.1855469;58.2714844;20.1855469;38.0859375;58.2714844;58.2714844;20.1855469;20.1855469;78.4570312;
56.5810852;18.4263973;56.5810852;18.4263973;38.1546822;56.5810852;56.5810852;18.4263973;18.4263973;75.0074844;
54.8034668;16.7279186;54.8034668;16.7279186;38.0755539;54.8034668;54.8034668;16.7279186;16.7279186;71.5313721;
52.9424286;15.0952415;52.9424286;15.0952415;37.847187;52.9424286;52.9424286;15.0952415;15.0952415;68.0376663;
51.002491;13.5335102;51.002491;13.5335102;37.4689789;51.002491;51.002491;13.5335102;13.5335102;64.5360107;
48.988121;12.047328;48.988121;12.047328;36.9408035;48.988121;48.988121;12.047328;12.047328;61.0354424;
46.9040565;10.6411572;46.9040565;10.6411572;36.2629089;46.9040565;46.9040565;10.6411572;10.6411572;57.545208;
44.7545662;9.31842422;44.7545662;9.31842422;35.4361458;44.7545662;44.7545662;9.31842422;9.31842422;54.072998;
42.5445557;8.08256912;42.5445557;8.08256912;34.4619942;42.5445557;42.5445557;8.08256912;8.08256912;50.6271133;
40.2788048;6.93608522;40.2788048;6.93608522;33.3427238;40.2788048;40.2788048;6.93608522;6.93608522;47.2148781;
37.9622726;5.88125229;37.9622726;5.88125229;32.0810165;37.9622726;37.9622726;5.88125229;5.88125229;43.8435364;
35.5992661;4.91932487;35.5992661;4.91932487;30.6799469;35.5992661;35.5992661;4.91932487;4.91932487;40.5185966;
33.1947174;4.05093908;33.1947174;4.05093908;29.1437855;33.1947174;33.1947174;4.05093908;4.05093908;37.2456474;
30.7532253;3.27614069;30.7532253;3.27614069;27.4770908;30.7532253;30.7532253;3.27614069;3.27614069;34.0293579;
28.2795238;2.59421706;28.2795238;2.59421706;25.6853046;28.2795238;28.2795238;2.59421706;2.59421706;30.8737392;
25.7775364;2.00306058;25.7775364;2.00306058;23.7744675;25.7775364;25.7775364;2.00306058;2.00306058;27.7806053;
23.2516537;1.50034666;23.2516537;1.50034666;21.7513065;23.2516537;23.2516537;1.50034666;1.50034666;24.7520008;
20.7058525;1.08247995;20.7058525;1.08247995;19.6233711;20.7058525;20.7058525;1.08247995;1.08247995;21.7883301;
18.1441174;0.744687319;18.1441174;0.744687319;17.3994274;18.1441174;18.1441174;0.744687319;0.744687319;18.8888016;
15.5693779;0.48145175;15.5693779;0.48145175;15.0879269;15.5693779;15.5693779;0.48145175;0.48145175;16.0508308;
12.9849958;0.286016464;12.9849958;0.286016464;12.6989851;12.9849958;12.9849958;0.286016464;0.286016464;13.2710028;
10.3937235;0.1504004;10.3937235;0.1504004;10.243329;10.3937235;10.3937235;0.1504004;0.1504004;10.5441141;
7.79791641;0.0651192665;7.79791641;0.0651192665;7.73279667;7.79791641;7.79791641;0.0651192665;0.0651192665;7.8630352;
5.19971657;0.0197124481;5.19971657;0.0197124481;5.18000364;5.19971657;5.19971657;0.0197124481;0.0197124481;5.21942854;
2.60003328;0.00257253647;2.60003328;0.00257253647;2.59745598;2.60003328;2.60003328;0.00257253647;0.00257253647;2.60261655;
0;0;0;0;0;0;0;0;0;0;
2.60003376;0.0025357171;2.59749818;0;2.60003376;2.59749818;2.59749818;0.0025357171;0.0025357171;2.59749818;
5.19946766;0.0197759252;5.17969179;0;5.19946766;5.17969179;5.17969179;0.0197759252;0.0197759252;5.17969179;
7.79791832;0.0650648475;7.73285341;0;7.79791832;7.73285341;7.73285341;0.0650648475;0.0650648475;7.73285341;
10.3937273;0.15031229;10.2434149;0;10.3937273;10.2434149;10.2434149;0.15031229;0.15031229;10.2434149;
12.9849939;0.286060005;12.6989336;0;12.9849939;12.6989336;12.6989336;0.286060005;0.286060005;12.6989336;
15.5691261;0.481520772;15.0876045;0;15.5691261;15.0876045;15.0876045;0.481520772;0.481520772;15.0876045;
18.1438675;0.744718969;17.399147;0;18.1438675;17.399147;17.399147;0.744718969;0.744718969;17.399147;
20.7058563;1.08243954;19.623415;0;20.7058563;19.623415;19.623415;1.08243954;1.08243954;19.623415;
23.2516518;1.50035369;21.7512989;0;23.2516518;21.7512989;21.7512989;1.50035369;1.50035369;21.7512989;
25.7772961;2.00300884;23.7742882;0;25.7772961;23.7742882;23.7742882;2.00300884;2.00300884;23.7742882;
28.279295;2.59408331;25.6852112;0;28.279295;25.6852112;25.6852112;2.59408331;2.59408331;25.6852112;
30.7532234;3.27615595;27.477066;0;30.7532234;27.477066;27.477066;3.27615595;3.27615595;27.477066;
33.1947174;4.05094051;29.1437759;0;33.1947174;29.1437759;29.1437759;4.05094051;4.05094051;29.1437759;
35.599041;4.91921043;30.6798344;0;35.599041;30.6798344;30.6798344;4.91921043;4.91921043;30.6798344;
37.9620476;5.88118601;32.080864;0;37.9620476;32.080864;32.080864;5.88118601;5.88118601;32.080864;
40.278801;6.93609285;33.3427086;0;40.278801;33.3427086;33.3427086;6.93609285;6.93609285;33.3427086;
42.5445633;8.08253098;34.4620323;0;42.5445633;34.4620323;34.4620323;8.08253098;8.08253098;34.4620323;
44.7543564;9.31832218;35.4360313;0;44.7543564;35.4360313;35.4360313;9.31832218;9.31832218;35.4360313;
46.9038544;10.641037;36.2628136;0;46.9038544;36.2628136;36.2628136;10.641037;10.641037;36.2628136;
48.988121;12.0473328;36.9407883;0;48.988121;36.9407883;36.9407883;12.0473328;12.0473328;36.9407883;
51.0025024;13.5334654;37.4690399;0;51.0025024;37.4690399;37.4690399;13.5334654;13.5334654;37.4690399;
52.94244;15.0952129;37.8472252;0;52.94244;37.8472252;37.8472252;15.0952129;15.0952129;37.8472252;
54.8032875;16.7277679;38.0755234;0;54.8032875;38.0755234;38.0755234;16.7277679;16.7277679;38.0755234;
56.581089;18.4263935;38.1546936;0;56.581089;38.1546936;38.1546936;18.4263935;18.4263935;38.1546936;
58.2714844;20.1855469;38.0859375;0;58.2714844;38.0859375;38.0859375;20.1855469;20.1855469;38.0859375;
59.8704872;21.9995232;37.8709641;0;59.8704872;37.8709641;37.8709641;21.9995232;21.9995232;37.8709641;
61.3741608;23.8621674;37.5119934;0;61.3741608;37.5119934;37.5119934;23.8621674;23.8621674;37.5119934;
62.7792053;25.7676201;37.0115814;0;62.7792053;37.0115814;37.0115814;25.7676201;25.7676201;37.0115814;
64.0821152;27.7092896;36.3728218;0;64.0821152;36.3728218;36.3728218;27.7092896;27.7092896;36.3728218;
65.2797775;29.6805992;35.5991821;0;65.2797775;35.5991821;35.5991821;29.6805992;29.6805992;35.5991821;
66.3692627;31.6746387;34.6946259;0;66.3692627;34.6946259;34.6946259;31.6746387;31.6746387;34.6946259;
67.3481827;33.6849823;33.6632042;0;67.3481827;33.6632042;33.6632042;33.6849823;33.6849823;33.6632042;
68.2141647;35.7045517;32.509613;0;68.2141647;32.509613;32.509613;35.7045517;35.7045517;32.509613;
68.9651947;37.7264366;31.23876;0;68.9651947;31.23876;31.23876;37.7264366;37.7264366;31.23876;
69.599556;39.7435112;29.856041;0;69.599556;29.856041;29.856041;39.7435112;39.7435112;29.856041;
70.1159973;41.7492409;28.3667545;0;70.1159973;28.3667545;28.3667545;41.7492409;41.7492409;28.3667545;
70.5134201;43.7365837;26.7768345;0;70.5134201;26.7768345;26.7768345;43.7365837;43.7365837;26.7768345;
70.7911224;45.6987228;25.0923958;0;70.7911224;25.0923958;25.0923958;45.6987228;45.6987228;25.0923958;
70.9487305;47.6287918;23.3199348;0;70.9487305;23.3199348;23.3199348;47.6287918;47.6287918;23.3199348;
70.9862442;49.5205727;21.4656696;0;70.9862442;21.4656696;21.4656696;49.5205727;49.5205727;21.4656696;
70.9039688;51.3674316;19.5365391;0;70.9039688;19.5365391;19.5365391;51.3674316;51.3674316;19.5365391;
70.7025909;53.1630936;17.5394993;0;70.7025909;17.5394993;17.5394993;53.1630936;53.1630936;17.5394993;
70.3831635;54.9013062;15.4818573;0;70.3831635;15.4818573;15.4818573;54.9013062;54.9013062;15.4818573;
69.9470062;56.5764999;13.3705025;0;69.9470062;13.3705025;13.3705025;56.5764999;56.5764999;13.3705025;
69.3958511;58.1828308;11.2130203;0;69.3958511;11.2130203;11.2130203;58.1828308;58.1828308;11.2130203;
68.7317963;59.7148476;9.01694965;0;68.7317963;9.01694965;9.01694965;59.7148476;59.7148476;9.01694965;
67.9573288;61.1672363;6.7900939;0;67.9573288;6.7900939;6.7900939;61.1672363;61.1672363;6.7900939;
67.075058;62.5353432;4.53971338;0;67.075058;4.53971338;4.53971338;62.5353432;62.5353432;4.53971338;
66.0881348;63.8143806;2.27375793;0;66.0881348;2.27375793;2.27375793;63.8143806;63.8143806;2.27375793;
65;65;0;0;65;0;0;65;65;0;
63.8143845;66.0881348;2.27375031;0;63.8143845;2.27375031;2.27375031;66.0881348;66.0881348;2.27375031;
62.5354729;67.0749588;4.53948879;0;62.5354729;4.53948879;4.53948879;67.0749588;67.0749588;4.53948879;
61.1673775;67.9572449;6.78986931;0;61.1673775;6.78986931;6.78986931;67.9572449;67.9572449;6.78986931;
59.7148476;68.7318039;9.01695728;0;59.7148476;9.01695728;9.01695728;68.7318039;68.7318039;9.01695728;
58.1828232;69.3958588;11.2130356;0;58.1828232;11.2130356;11.2130356;69.3958588;69.3958588;11.2130356;
56.5766487;69.9469604;13.3703089;0;56.5766487;13.3703089;13.3703089;69.9469604;69.9469604;13.3703089;
54.9014702;70.3831329;15.4816637;0;54.9014702;15.4816637;15.4816637;70.3831329;70.3831329;15.4816637;
53.1631012;70.7025909;17.5394917;0;53.1631012;17.5394917;17.5394917;70.7025909;70.7025909;17.5394917;
51.3674316;70.9039688;19.5365391;0;51.3674316;19.5365391;19.5365391;70.9039688;70.9039688;19.5365391;
49.5207443;70.9862366;21.4654922;0;49.5207443;21.4654922;21.4654922;70.9862366;70.9862366;21.4654922;
47.6289787;70.9487305;23.3197479;0;47.6289787;23.3197479;23.3197479;70.9487305;70.9487305;23.3197479;
45.6987152;70.7911301;25.0924129;0;45.6987152;25.0924129;25.0924129;70.7911301;70.7911301;25.0924129;
43.7365608;70.5134277;26.776865;0;43.7365608;26.776865;26.776865;70.5134277;70.5134277;26.776865;
41.7494316;70.1160431;28.3666153;0;41.7494316;28.3666153;28.3666153;70.1160431;70.1160431;28.3666153;
39.7436981;69.5996094;29.8559132;0;39.7436981;29.8559132;29.8559132;69.5996094;69.5996094;29.8559132;
37.7264328;68.9651947;31.23876;0;37.7264328;31.23876;31.23876;68.9651947;68.9651947;31.23876;
35.7045593;68.2141571;32.509594;0;35.7045593;32.509594;32.509594;68.2141571;68.2141571;32.509594;
33.6851807;67.3482666;33.6630821;0;33.6851807;33.6630821;33.6630821;67.3482666;67.3482666;33.6630821;
31.6748352;66.3693542;34.6945267;0;31.6748352;34.6945267;34.6945267;66.3693542;66.3693542;34.6945267;
29.6805782;65.2797852;35.5992088;0;29.6805782;35.5992088;35.5992088;65.2797852;65.2797852;35.5992088;
27.7092857;64.0821152;36.3728294;0;27.7092857;36.3728294;36.3728294;64.0821152;64.0821152;36.3728294;
25.7677956;62.7793312;37.0115318;0;25.7677956;37.0115318;37.0115318;62.7793312;62.7793312;37.0115318;
23.8623524;61.3742981;37.5119362;0;23.8623524;37.5119362;37.5119362;61.3742981;61.3742981;37.5119362;
21.999527;59.8704872;37.8709602;0;21.999527;37.8709602;37.8709602;59.8704872;59.8704872;37.8709602;
20.1855469;58.2714844;38.0859375;0;20.1855469;38.0859375;38.0859375;58.2714844;58.2714844;38.0859375;
18.4263973;56.5810852;38.1546822;0;18.4263973;38.1546822;38.1546822;56.5810852;56.5810852;38.1546822;
16.7279186;54.8034668;38.0755539;0;16.7279186;38.0755539;38.0755539;54.8034668;54.8034668;38.0755539;
15.0952415;52.9424286;37.847187;0;15.0952415;37.847187;37.847187;52.9424286;52.9424286;37.847187;
13.5335102;51.002491;37.4689789;0;13.5335102;37.4689789;37.4689789;51.002491;51.002491;37.4689789;
12.047328;48.988121;36.9408035;0;12.047328;36.9408035;36.9408035;48.988121;48.988121;36.9408035;
10.6411572;46.9040565;36.2629089;0;10.6411572;36.2629089;36.2629089;46.9040565;46.9040565;36.2629089;
9.31842422;44.7545662;35.4361458;0;9.31842422;35.4361458;35.4361458;44.7545662;44.7545662;35.4361458;
8.08256912;42.5445557;34.4619942;0;8.08256912;34.4619942;34.4619942;42.5445557;42.5445557;34.4619942;
6.93608522;40.2788048;33.3427238;0;6.93608522;33.3427238;33.3427238;40.2788048;40.2788048;33.3427238;
5.88125229;37.9622726;32.0810165;0;5.88125229;32.0810165;32.0810165;37.9622726;37.9622726;32.0810165;
4.91932487;35.5992661;30.6799469;0;4.91932487;30.6799469;30.6799469;35.5992661;35.5992661;30.6799469;
4.05093908;33.1947174;29.1437855;0;4.05093908;29.1437855;29.1437855;33.1947174;33.1947174;29.1437855;
3.27614069;30.7532253;27.4770908;0;3.27614069;27.4770908;27.4770908;30.7532253;30.7532253;27.4770908;
2.59421706;28.2795238;25.6853046;0;2.59421706;25.6853046;25.6853046;28.2795238;28.2795238;25.6853046;
2.00306058;25.7775364;23.7744675;0;2.00306058;23.7744675;23.7744675;25.7775364;25.7775364;23.7744675;
1.50034666;23.2516537;21.7513065;0;1.50034666;21.7513065;21.7513065;23.2516537;23.2516537;21.7513065;
1.08247995;20.7058525;19.6233711;0;1.08247995;19.6233711;19.6233711;20.7058525;20.7058525;19.6233711;
0.744687319;18.1441174;17.3994274;0;0.744687319;17.3994274;17.3994274;18.1441174;18.1441174;17.3994274;
0.48145175;15.5693779;15.0879269;0;0.48145175;15.0879269;15.0879269;15.5693779;15.5693779;15.0879269;
0.286016464;12.9849958;12.6989851;0;0.286016464;12.6989851;12.6989851;12.9849958;12.9849958;12.6989851;
0.1504004;10.3937235;10.243329;0;0.1504004;10.243329;10.243329;10.3937235;10.3937235;10.243329;
0.0649797916;7.79816866;7.73318386;0;0.0649797916;7.73318386;7.73318386;7.79816866;7.79816866;7.73318386;
0.0197124481;5.19971657;5.18000364;0;0.0197124481;5.18000364;5.18000364;5.19971657;5.19971657;5.18000364;
0.00257253647;2.60003328;2.59745598;0;0.00257253647;2.59745598;2.59745598;2.60003328;2.60003328;2.59745598;
0;0;0;0;0;0;0;0;0;0;
0.0025357171;2.59749818;2.60003376;0.0025357171;0;2.59749818;2.59749818;2.59749818;2.60256958;2.60003376;
0.0197759252;5.17969179;5.19946766;0.0197759252;0;5.17969179;5.17969179;5.17969179;5.21924353;5.19946766;
0.0650648475;7.73285341;7.79791832;0.0650648475;0;7.73285341;7.73285341;7.73285341;7.86298275;7.79791832;
0.15031229;10.2434149;10.3937273;0.15031229;0;10.2434149;10.2434149;10.2434149;10.5440397;10.3937273;
0.286060005;12.6989336;12.9849939;0.286060005;0;12.6989336;12.6989336;12.6989336;13.2710543;12.9849939;
0.481520772;15.0876045;15.5691261;0.481520772;0;15.0876045;15.0876045;15.0876045;16.0506477;15.5691261;
0.744718969;17.399147;18.1438675;0.744718969;0;17.399147;17.399147;17.399147;18.888586;18.1438675;
1.08243954;19.623415;20.7058563;1.08243954;0;19.623415;19.623415;19.623415;21.7882957;20.7058563;
1.50035369;21.7512989;23.2516518;1.50035369;0;21.7512989;21.7512989;21.7512989;24.7520065;23.2516518;
2.00300884;23.7742882;25.7772961;2.00300884;0;23.7742882;23.7742882;23.7742882;27.780304;25.7772961;
2.59408331;25.6852112;28.279295;2.59408331;0;25.6852112;25.6852112;25.6852112;30.8733788;28.279295;
3.27615595;27.477066;30.7532234;3.27615595;0;27.477066;27.477066;27.477066;34.029377;30.7532234;
4.05094051;29.1437759;33.1947174;4.05094051;0;29.1437759;29.1437759;29.1437759;37.2456551;33.1947174;
4.91921043;30.6798344;35.599041;4.91921043;0;30.6798344;30.6798344;30.6798344;40.5182571;35.599041;
5.88118601;32.080864;37.9620476;5.88118601;0;32.080864;32.080864;32.080864;43.843235;37.9620476;
6.93609285;33.3427086;40.278801;6.93609285;0;33.3427086;33.3427086;33.3427086;47.2148933;40.278801;
8.08253098;34.4620323;42.5445633;8.08253098;0;34.4620323;34.4620323;34.4620323;50.6270905;42.5445633;
9.31832218;35.4360313;44.7543564;9.31832218;0;35.4360313;35.4360313;35.4360313;54.0726776;44.7543564;
10.641037;36.2628136;46.9038544;10.641037;0;36.2628136;36.2628136;36.2628136;57.5448914;46.9038544;
12.0473328;36.9407883;48.988121;12.0473328;0;36.9407883;36.9407883;36.9407883;61.0354538;48.988121;
13.5334654;37.4690399;51.0025024;13.5334654;0;37.4690399;37.4690399;37.4690399;64.5359726;51.0025024;
15.0950603;37.8471947;52.9422569;15.0950603;0;37.8471947;37.8471947;37.8471947;68.037323;52.9422569;
16.7277679;38.0755234;54.8032875;16.7277679;0;38.0755234;38.0755234;38.0755234;71.5310593;54.8032875;
18.4263935;38.1546936;56.581089;18.4263935;0;38.1546936;38.1546936;38.1546936;75.0074768;56.581089;
20.1855469;38.0859375;58.2714844;20.1855469;0;38.0859375;38.0859375;38.0859375;78.4570312;58.2714844;
21.9995232;37.8709641;59.8704872;21.9995232;0;37.8709641;37.8709641;37.8709641;81.8700104;59.8704872;
23.8621674;37.5119934;61.3741608;23.8621674;0;37.5119934;37.5119934;37.5119934;85.2363205;61.3741608;
25.7676201;37.0115814;62.7792053;25.7676201;0;37.0115814;37.0115814;37.0115814;88.5468216;62.7792053;
27.7092896;36.3728218;64.0821152;27.7092896;0;36.3728218;36.3728218;36.3728218;91.7914047;64.0821152;
29.6805992;35.5991821;65.2797775;29.6805992;0;35.5991821;35.5991821;35.5991821;94.9603806;65.2797775;
31.6746387;34.6946259;66.3692627;31.6746387;0;34.6946259;34.6946259;34.6946259;98.0438995;66.3692627;
33.6849823;33.6632042;67.3481827;33.6849823;0;33.6632042;33.6632042;33.6632042;101.033173;67.3481827;
35.7045517;32.509613;68.2141647;35.7045517;0;32.509613;32.509613;32.509613;103.918709;68.2141647;
37.7264366;31.23876;68.9651947;37.7264366;0;31.23876;31.23876;31.23876;106.691635;68.9651947;
39.7435112;29.856041;69.599556;39.7435112;0;29.856041;29.856041;29.856041;109.343063;69.599556;
41.7492409;28.3667545;70.1159973;41.7492409;0;28.3667545;28.3667545;28.3667545;111.865234;70.1159973;
43.7365837;26.7768345;70.5134201;43.7365837;0;26.7768345;26.7768345;26.7768345;114.25;70.5134201;
45.6987228;25.0923958;70.7911224;45.6987228;0;25.0923958;25.0923958;25.0923958;116.489845;70.7911224;
47.6287918;23.3199348;70.9487305;47.6287918;0;23.3199348;23.3199348;23.3199348;118.577522;70.9487305;
49.5205727;21.4656696;70.9862442;49.5205727;0;21.4656696;21.4656696;21.4656696;120.506813;70.9862442;
51.3674316;19.5365391;70.9039688;51.3674316;0;19.5365391;19.5365391;19.5365391;122.2714;70.9039688;
53.1630936;17.5394993;70.7025909;53.1630936;0;17.5394993;17.5394993;17.5394993;123.865685;70.7025909;
54.9013062;15.4818573;70.3831635;54.9013062;0;15.4818573;15.4818573;15.4818573;125.28447;70.3831635;
56.5764999;13.3705025;69.9470062;56.5764999;0;13.3705025;13.3705025;13.3705025;126.523506;69.9470062;
58.1828308;11.2130203;69.3958511;58.1828308;0;11.2130203;11.2130203;11.2130203;127.578682;69.3958511;
59.7148476;9.01694965;68.7317963;59.7148476;0;9.01694965;9.01694965;9.01694965;128.44664;68.7317963;
61.1672363;6.7900939;67.9573288;61.1672363;0;6.7900939;6.7900939;6.7900939;129.124557;67.9573288;
62.5353432;4.53971338;67.075058;62.5353432;0;4.53971338;4.53971338;4.53971338;129.610397;67.075058;
63.8143806;2.27375793;66.0881348;63.8143806;0;2.27375793;2.27375793;2.27375793;129.902527;66.0881348;
