25.6221161;84.928772;111.728966;130.846436;27.0417576;6.43061543;51.4803009;143.925079;144.629684;
0.0031206701;3.19996834;3.19684768;3.19996834;0;3.19996834;3.19684768;3.19996834;3.19684768;
0.0243413821;6.39950323;6.37516212;6.39950323;0;6.39950323;6.37516212;6.39950323;6.37516212;
0.080081895;9.59752274;9.51744175;9.59752274;0;9.59752274;9.51744175;9.59752274;9.51744175;
0.185000271;12.7922916;12.6072903;12.7922916;0;12.7922916;12.6072903;12.7922916;12.6072903;
0.352069974;15.9814692;15.6293983;15.9814692;0;15.9814692;15.6293983;15.9814692;15.6293983;
0.592655897;19.1621704;18.5695152;19.1621704;0;19.1621704;18.5695152;19.1621704;18.5695152;
0.916588366;22.3310089;21.4144211;22.3310089;0;22.3310089;21.4144211;22.3310089;21.4144211;
1.33223665;25.4841518;24.1519165;25.4841518;0;25.4841518;24.1519165;25.4841518;24.1519165;
1.84658039;28.6173706;26.7707901;28.6173706;0;28.6173706;26.7707901;28.6173706;26.7707901;
2.46527958;31.726078;29.2607975;31.726078;0;31.726078;29.2607975;31.726078;29.2607975;
3.19274473;34.8053894;31.6126461;34.8053894;0;34.8053894;31.6126461;34.8053894;31.6126461;
4.03220177;37.8501549;33.8179512;37.8501549;0;37.8501549;33.8179512;37.8501549;33.8179512;
4.98576069;40.8549957;35.8692398;40.8549957;0;40.8549957;35.8692398;40.8549957;35.8692398;
6.05448151;43.8143883;37.759903;43.8143883;0;43.8143883;37.759903;43.8143883;37.759903;
7.23842859;46.7226257;39.4841995;46.7226257;0;46.7226257;39.4841995;46.7226257;39.4841995;
8.53675079;49.5739517;41.0372009;49.5739517;0;49.5739517;41.0372009;49.5739517;41.0372009;
9.94772053;52.3625145;42.4147949;52.3625145;0;52.3625145;42.4147949;52.3625145;42.4147949;
11.4688034;55.0824547;43.6136551;55.0824547;0;55.0824547;43.6136551;55.0824547;43.6136551;
13.0967312;57.7279282;44.6311951;57.7279282;0;57.7279282;44.6311951;57.7279282;44.6311951;
14.8275175;60.2931175;45.4656029;60.2931175;0;60.2931175;45.4656029;60.2931175;45.4656029;
16.6565647;62.7723007;46.1157417;62.7723007;0;62.7723007;46.1157417;62.7723007;46.1157417;
18.5786705;65.1598587;46.581192;65.1598587;0;65.1598587;46.581192;65.1598587;46.581192;
20.5881119;67.4503021;46.8621902;67.4503021;0;67.4503021;46.8621902;67.4503021;46.8621902;
22.6786823;69.6383057;46.9596291;69.6383057;0;69.6383057;46.9596291;69.6383057;46.9596291;
24.84375;71.71875;46.875;71.71875;0;71.71875;46.875;71.71875;46.875;
27.0762844;73.6867065;46.6104202;73.6867065;0;73.6867065;46.6104202;73.6867065;46.6104202;
29.3689327;75.5375137;46.1685791;75.5375137;0;75.5375137;46.1685791;75.5375137;46.1685791;
31.7140598;77.2667542;45.5526962;77.2667542;0;77.2667542;45.5526962;77.2667542;45.5526962;
34.1037483;78.8703003;44.7665482;78.8703003;0;78.8703003;44.7665482;78.8703003;44.7665482;
36.5299149;80.3443146;43.8144073;80.3443146;0;80.3443146;43.8144073;80.3443146;43.8144073;
38.9843025;81.685318;42.7010117;81.685318;0;81.685318;42.7010117;81.685318;42.7010117;
41.4585152;82.8901062;41.4315948;82.8901062;0;82.8901062;41.4315948;82.8901062;41.4315948;
43.9440765;83.9559021;40.0118217;83.9559021;0;83.9559021;40.0118217;83.9559021;40.0118217;
46.4324989;84.8802261;38.4477234;84.8802261;0;84.8802261;38.4477234;84.8802261;38.4477234;
48.9152298;85.661026;36.7457962;85.661026;0;85.661026;36.7457962;85.661026;36.7457962;
51.3837624;86.2966232;34.9128647;86.2966232;0;86.2966232;34.9128647;86.2966232;34.9128647;
53.8296661;86.7857513;32.9560852;86.7857513;0;86.7857513;32.9560852;86.7857513;32.9560852;
56.2445526;87.127533;30.8829784;87.127533;0;87.127533;30.8829784;87.127533;30.8829784;
58.6201859;87.3215179;28.701334;87.3215179;0;87.3215179;28.701334;87.3215179;28.701334;
60.9484711;87.367691;26.4192104;87.367691;0;87.367691;26.4192104;87.367691;26.4192104;
63.2214928;87.2664261;24.0449333;87.2664261;0;87.2664261;24.0449333;87.2664261;24.0449333;
65.4314957;87.0185776;21.5870857;87.0185776;0;87.0185776;21.5870857;87.0185776;21.5870857;
67.5709839;86.6254044;19.0544224;86.6254044;0;86.6254044;19.0544224;86.6254044;19.0544224;
69.6326981;86.0886002;16.4558983;86.0886002;0;86.0886002;16.4558983;86.0886002;16.4558983;
71.6096649;85.4102707;13.8006115;85.4102707;0;85.4102707;13.8006115;85.4102707;13.8006115;
73.4951859;84.5929871;11.0978031;84.5929871;0;84.5929871;11.0978031;84.5929871;11.0978031;
75.2828598;83.6397171;8.3568573;83.6397171;0;83.6397171;8.3568573;83.6397171;8.3568573;
76.9666443;82.5538635;5.58720589;82.5538635;0;82.5538635;5.58720589;82.5538635;5.58720589;
78.5408096;81.3392181;2.79840469;81.3392181;0;81.3392181;2.79840469;81.3392181;2.79840469;
80;80;0;80;0;80;0;80;0;
81.3391953;78.5408325;2.79836655;78.5408325;0;78.5408325;2.79836655;78.5408325;2.79836655;
22.4281158;67.2701492;131.105637;151.600281;0.370784074;56.7160568;1.0022254;76.5923462;15.5797911;
111.10408;101.947319;34.90168;154.92215;22.1373253;116.749023;5.87825584;47.3202057;94.3269806;
76.1528168;13.8475237;98.8252411;118.793518;21.6627655;85.537384;70.5928955;95.3118896;79.6746216;
85.4102783;71.6096573;13.800621;71.6096573;0;71.6096573;13.800621;71.6096573;13.800621;
86.0885925;69.6326904;16.4558983;69.6326904;0;69.6326904;16.4558983;69.6326904;16.4558983;
86.625412;67.570961;19.054451;67.570961;0;67.570961;19.054451;67.570961;19.054451;
87.0185699;65.4315033;21.5870667;65.4315033;0;65.4315033;21.5870667;65.4315033;21.5870667;
87.2664261;63.2214928;24.0449333;63.2214928;0;63.2214928;24.0449333;63.2214928;24.0449333;
87.367691;60.9484673;26.41922;60.9484673;0;60.9484673;26.41922;60.9484673;26.41922;
87.3215103;58.6202049;28.7013054;58.6202049;0;58.6202049;28.7013054;58.6202049;28.7013054;
87.127533;56.244545;30.882988;56.244545;0;56.244545;30.882988;56.244545;30.882988;
86.7857437;53.8296814;32.9560661;53.8296814;0;53.8296814;32.9560661;53.8296814;32.9560661;
86.2966461;51.3837509;34.9128914;51.3837509;0;51.3837509;34.9128914;51.3837509;34.9128914;
85.661026;48.9152527;36.7457771;48.9152527;0;48.9152527;36.7457771;48.9152527;36.7457771;
84.8802261;46.4325142;38.4477043;46.4325142;0;46.4325142;38.4477043;46.4325142;38.4477043;
83.9559021;43.9440918;40.0118065;43.9440918;0;43.9440918;40.0118065;43.9440918;40.0118065;
82.8901215;41.4584923;41.4316177;41.4584923;0;41.4584923;41.4316177;41.4584923;41.4316177;
81.6852951;38.9843369;42.7009583;38.9843369;0;38.9843369;42.7009583;38.9843369;42.7009583;
80.3443222;36.5299225;43.8144112;36.5299225;0;36.5299225;43.8144112;36.5299225;43.8144112;
78.8703079;34.1037369;44.7665787;34.1037369;0;34.1037369;44.7665787;34.1037369;44.7665787;
77.2667542;31.714077;45.5526733;31.714077;0;31.714077;45.5526733;31.714077;45.5526733;
75.5375061;29.3689919;46.1685181;29.3689919;0;29.3689919;46.1685181;29.3689919;46.1685181;
73.6867218;27.0762444;46.6104698;27.0762444;0;27.0762444;46.6104698;27.0762444;46.6104698;
71.71875;24.84375;46.875;24.84375;0;24.84375;46.875;24.84375;46.875;
69.6383057;22.6786995;46.95961;22.6786995;0;22.6786995;46.95961;22.6786995;46.95961;
67.4503021;20.588131;46.8621826;20.588131;0;20.588131;46.8621826;20.588131;46.8621826;
65.1598663;18.5786819;46.581192;18.5786819;0;18.5786819;46.581192;18.5786819;46.581192;
62.7722969;16.6566277;46.1156654;16.6566277;0;16.6566277;46.1156654;16.6566277;46.1156654;
60.2931252;14.8275375;45.4655838;14.8275375;0;14.8275375;45.4655838;14.8275375;45.4655838;
57.7279282;13.0967331;44.6311951;13.0967331;0;13.0967331;44.6311951;13.0967331;44.6311951;
55.0824547;11.4688301;43.6136246;11.4688301;0;11.4688301;43.6136246;11.4688301;43.6136246;
52.3625259;9.94768143;42.4148369;9.94768143;0;9.94768143;42.4148369;9.94768143;42.4148369;
49.5739594;8.53673935;41.0372162;8.53673935;0;8.53673935;41.0372162;8.53673935;41.0372162;
46.7226715;7.23827362;39.4843864;7.23827362;0;7.23827362;39.4843864;7.23827362;39.4843864;
43.8144112;6.05442047;37.7599907;6.05442047;0;6.05442047;37.7599907;6.05442047;37.7599907;
40.8549919;4.98580933;35.8691788;4.98580933;0;4.98580933;35.8691788;4.98580933;35.8691788;
37.8501472;4.03226852;33.8178825;4.03226852;0;4.03226852;33.8178825;4.03226852;33.8178825;
34.805397;3.19271088;31.6126823;3.19271088;0;3.19271088;31.6126823;3.19271088;31.6126823;
31.7260761;2.46538162;29.2606926;2.46538162;0;2.46538162;29.2606926;2.46538162;29.2606926;
28.6173916;1.84648514;26.770916;1.84648514;0;1.84648514;26.770916;1.84648514;26.770916;
25.4841709;1.33218765;24.1519928;1.33218765;0;1.33218765;24.1519928;1.33218765;24.1519928;
22.331007;0.916614532;21.4143944;0.916614532;0;0.916614532;21.4143944;0.916614532;21.4143944;
19.1621571;0.592880249;18.5692787;0.592880249;0;0.592880249;18.5692787;0.592880249;18.5692787;
15.981473;0.352077484;15.6293869;0.352077484;0;0.352077484;15.6293869;0.352077484;15.6293869;
12.7923031;0.184879303;12.6074219;0.184879303;0;0.184879303;12.6074219;0.184879303;12.6074219;
9.59753132;0.0801467896;9.51738358;0.0801467896;0;0.0801467896;9.51738358;0.0801467896;9.51738358;
6.39951468;0.0244140625;6.375103;0.0244140625;0;0.0244140625;6.375103;0.0244140625;6.375103;
3.19998288;0.00328063965;3.19669724;0.00328063965;0;0.00328063965;3.19669724;0.00328063965;3.19669724;
0;0;0;0;0;0;0;0;0;
28.7442474;80.3619537;152.019547;90.2402954;153.755722;148.284851;104.985031;99.3359985;144.846161;
6.42383862;0;6.37515593;0;0.0243413113;0.0243413113;6.42383862;0.0243413113;6.42383862;
9.67759514;0;9.51743221;0;0.0800816789;0.0800816789;9.67759514;0.0800816789;9.67759514;
12.9772797;0;12.6072798;0;0.184999734;0.184999734;12.9772797;0.184999734;12.9772797;
16.3335247;0;15.6293859;0;0.35206902;0.35206902;16.3335247;0.35206902;16.3335247;
19.7548065;0;18.5694981;0;0.592654288;0.592654288;19.7548065;0.592654288;19.7548065;
23.2475739;0;21.414402;0;0.916585922;0.916585922;23.2475739;0.916585922;23.2475739;
26.8163643;0;24.1518955;0;1.33223319;1.33223319;26.8163643;1.33223319;26.8163643;
30.4639645;0;26.7707996;0;1.84658241;1.84658241;30.4639645;1.84658241;30.4639645;
34.1913681;0;29.260807;0;2.46528125;2.46528125;34.1913681;2.46528125;34.1913681;
37.9981422;0;31.612648;0;3.19274616;3.19274616;37.9981422;3.19274616;37.9981422;
41.8823586;0;33.817955;0;4.03220224;4.03220224;41.8823586;4.03220224;41.8823586;
45.8407593;0;35.8692398;0;4.98576069;4.98576069;45.8407593;4.98576069;45.8407593;
49.8688583;0;37.759903;0;6.0544796;6.0544796;49.8688583;6.0544796;49.8688583;
53.9610481;0;39.4841957;0;7.23842669;7.23842669;53.9610481;7.23842669;53.9610481;
58.1106911;0;41.0371971;0;8.53674698;8.53674698;58.1106911;8.53674698;58.1106911;
62.3102188;0;42.4147873;0;9.9477129;9.9477129;62.3102188;9.9477129;62.3102188;
66.551239;0;43.6136436;0;11.4687996;11.4687996;66.551239;11.4687996;66.551239;
70.8246307;0;44.6311913;0;13.0967216;13.0967216;70.8246307;13.0967216;70.8246307;
75.1206131;0;45.4655914;0;14.8275089;14.8275089;75.1206131;14.8275089;75.1206131;
79.428833;0;46.1157379;0;16.6565495;16.6565495;79.428833;16.6565495;79.428833;
83.7385483;0;46.581192;0;18.5786743;18.5786743;83.7385483;18.5786743;83.7385483;
88.0384216;0;46.8621902;0;20.5881195;20.5881195;88.0384216;20.5881195;88.0384216;
92.3170013;0;46.9596291;0;22.6786842;22.6786842;92.3170013;22.6786842;92.3170013;
96.5625;0;46.875;0;24.84375;24.84375;96.5625;24.84375;96.5625;
100.763;0;46.6104202;0;27.0762844;27.0762844;100.763;27.0762844;100.763;
104.906448;0;46.1685791;0;29.3689327;29.3689327;104.906448;29.3689327;104.906448;
108.980797;0;45.5526962;0;31.7140541;31.7140541;108.980797;31.7140541;108.980797;
112.97403;0;44.7665482;0;34.1037407;34.1037407;112.97403;34.1037407;112.97403;
116.874222;0;43.8144073;0;36.5299072;36.5299072;116.874222;36.5299072;116.874222;
120.669594;0;42.7010155;0;38.9842911;38.9842911;120.669594;38.9842911;120.669594;
124.348602;0;41.4316025;0;41.4584961;41.4584961;124.348602;41.4584961;124.348602;
127.899948;0;40.0118294;0;43.9440613;43.9440613;127.899948;43.9440613;127.899948;
131.312698;0;38.4477425;0;46.432476;46.432476;131.312698;46.432476;131.312698;
134.576263;0;36.7457962;0;48.9152336;48.9152336;134.576263;48.9152336;134.576263;
137.680389;0;34.9128723;0;51.3837624;51.3837624;137.680389;51.3837624;137.680389;
140.615417;0;32.9560852;0;53.8296661;53.8296661;140.615417;53.8296661;140.615417;
143.372086;0;30.8829784;0;56.2445526;56.2445526;143.372086;56.2445526;143.372086;
145.941711;0;28.701334;0;58.6201859;58.6201859;145.941711;58.6201859;145.941711;
148.316162;0;26.4192104;0;60.9484711;60.9484711;148.316162;60.9484711;148.316162;
150.487915;0;24.0449333;0;63.221489;63.221489;150.487915;63.221489;150.487915;
152.450058;0;21.5871048;0;65.4314728;65.4314728;152.450058;65.4314728;152.450058;
154.196381;0;19.0544415;0;67.570961;67.570961;154.196381;67.570961;154.196381;
155.721283;0;16.4559078;0;69.6326904;69.6326904;155.721283;69.6326904;155.721283;
157.019928;0;13.800621;0;71.6096573;71.6096573;157.019928;71.6096573;157.019928;
158.088165;0;11.0978127;0;73.4951782;73.4951782;158.088165;73.4951782;158.088165;
158.922592;0;8.35686684;0;75.2828598;75.2828598;158.922592;75.2828598;158.922592;
159.520508;0;5.58721542;0;76.9666443;76.9666443;159.520508;76.9666443;159.520508;
159.880035;0;2.79838562;0;78.5408173;78.5408173;159.880035;78.5408173;159.880035;
160;0;0;0;80;80;160;80;160;
159.880035;0;2.79836655;0;81.3391953;81.3391953;159.880035;81.3391953;159.880035;
159.520508;0;5.58719635;0;82.5538559;82.5538559;159.520508;82.5538559;159.520508;
158.922592;0;8.3568573;0;83.6397247;83.6397247;158.922592;83.6397247;158.922592;
158.088181;0;11.0977936;0;84.5929871;84.5929871;158.088181;84.5929871;158.088181;
157.019943;0;13.8005638;0;85.4102478;85.4102478;157.019943;85.4102478;157.019943;
155.721298;0;16.4558792;0;86.0885925;86.0885925;155.721298;86.0885925;155.721298;
154.196396;0;19.0544128;0;86.6254044;86.6254044;154.196396;86.6254044;154.196396;
152.450089;0;21.5870667;0;87.0185776;87.0185776;152.450089;87.0185776;152.450089;
150.487946;0;24.0448761;0;87.2664032;87.2664032;150.487946;87.2664032;150.487946;
148.316177;0;26.4191818;0;87.3676758;87.3676758;148.316177;87.3676758;148.316177;
145.941711;0;28.7013054;0;87.3215103;87.3215103;145.941711;87.3215103;145.941711;
143.37207;0;30.882988;0;87.127533;87.127533;143.37207;87.127533;143.37207;
140.615417;0;32.9560661;0;86.7857437;86.7857437;140.615417;86.7857437;140.615417;
137.680389;0;34.9128914;0;86.2966461;86.2966461;137.680389;86.2966461;137.680389;
134.576279;0;36.7457771;0;85.661026;85.661026;134.576279;85.661026;134.576279;
131.312744;0;38.4477043;0;84.8802261;84.8802261;131.312744;84.8802261;131.312744;
127.900002;0;40.0118065;0;83.9559021;83.9559021;127.900002;83.9559021;127.900002;
124.34864;0;41.4315987;0;82.8901215;82.8901215;124.34864;82.8901215;124.34864;
120.66964;0;42.7009964;0;81.6853256;81.6853256;120.66964;81.6853256;120.66964;
116.874268;0;43.8143921;0;80.3443298;80.3443298;116.874268;80.3443298;116.874268;
112.974083;0;44.7665405;0;78.8703079;78.8703079;112.974083;78.8703079;112.974083;
108.98082;0;45.5527687;0;77.2667923;77.2667923;108.98082;77.2667923;108.98082;
104.906448;0;46.1685753;0;75.5375061;75.5375061;104.906448;75.5375061;104.906448;
100.76297;0;46.6104698;0;73.6867218;73.6867218;100.76297;73.6867218;100.76297;
96.5625;0;46.875;0;71.71875;71.71875;96.5625;71.71875;96.5625;
92.317009;0;46.95961;0;69.6383057;69.6383057;92.317009;69.6383057;92.317009;
88.0384216;0;46.8621826;0;67.4503021;67.4503021;88.0384216;67.4503021;88.0384216;
83.7385406;0;46.581192;0;65.1598663;65.1598663;83.7385406;65.1598663;83.7385406;
79.4289398;0;46.1156654;0;62.7722969;62.7722969;79.4289398;62.7722969;79.4289398;
75.1206818;0;45.4655838;0;60.2931252;60.2931252;75.1206818;60.2931252;75.1206818;
70.8246994;0;44.631176;0;57.7279358;57.7279358;70.8246994;57.7279358;70.8246994;
66.5512466;0;43.613739;0;55.082489;55.082489;66.5512466;55.082489;66.5512466;
62.3102951;0;42.4147606;0;52.3625259;52.3625259;62.3102951;52.3625259;62.3102951;
58.1107712;0;41.037178;0;49.5739708;49.5739708;58.1107712;49.5739708;58.1107712;
53.9611626;0;39.4841194;0;46.722641;46.722641;53.9611626;46.722641;53.9611626;
49.868927;0;37.759819;0;43.814373;43.814373;49.868927;43.814373;49.868927;
45.8407974;0;35.8691788;0;40.8549919;40.8549919;45.8407974;40.8549919;45.8407974;
41.8824196;0;33.8178825;0;37.8501472;37.8501472;41.8824196;37.8501472;41.8824196;
37.9981232;0;31.6126823;0;34.805397;34.805397;37.9981232;34.805397;37.9981232;
34.1914558;0;29.2606926;0;31.7260761;31.7260761;34.1914558;31.7260761;34.1914558;
30.4638672;0;26.770916;0;28.6173916;28.6173916;30.4638672;28.6173916;30.4638672;
26.816349;0;24.1519928;0;25.4841709;25.4841709;26.816349;25.4841709;26.816349;
23.2474899;0;21.4145851;0;22.3310375;22.3310375;23.2474899;22.3310375;23.2474899;
19.7548866;0;18.5694885;0;19.1621876;19.1621876;19.7548866;19.1621876;19.7548866;
16.3334084;0;15.6295967;0;15.9815016;15.9815016;16.3334084;15.9815016;16.3334084;
12.9772377;0;12.6074028;0;12.7923212;12.7923212;12.9772377;12.7923212;12.9772377;
9.67748642;0;9.51763153;0;9.59755707;9.59755707;9.67748642;9.59755707;9.67748642;
6.42400742;0;6.37506485;0;6.39953232;6.39953232;6.42400742;6.39953232;6.42400742;
3.20289612;0;3.19704056;0;3.19996738;3.19996738;3.20289612;3.19996738;3.20289612;
0;0;0;0;0;0;0;0;0;
3.19996548;0;3.19996548;0;3.19996548;3.19684482;3.2030859;3.19996548;3.19684482;
6.39949751;0;6.39949751;0;6.39949751;6.37515593;6.42383862;6.39949751;6.37515593;
9.59751415;0;9.59751415;0;9.59751415;9.51743221;9.67759514;9.59751415;9.51743221;
12.7922802;0;12.7922802;0;12.7922802;12.6072798;12.9772797;12.7922802;12.6072798;
15.9814548;0;15.9814548;0;15.9814548;15.6293859;16.3335247;15.9814548;15.6293859;
19.1621532;0;19.1621532;0;19.1621532;18.5694981;19.7548065;19.1621532;18.5694981;
22.3309879;0;22.3309879;0;22.3309879;21.414402;23.2475739;22.3309879;21.414402;
25.4841309;0;25.4841309;0;25.4841309;24.1518955;26.8163643;25.4841309;24.1518955;
28.6173439;0;28.6173439;0;28.6173439;26.7707672;30.4639206;28.6173439;26.7707672;
31.7260513;0;31.7260513;0;31.7260513;29.2607765;34.1913261;31.7260513;29.2607765;
34.8053589;0;34.8053589;0;34.8053589;31.6126232;37.9980927;34.8053589;31.6126232;
37.8501205;0;37.8501205;0;37.8501205;33.8179283;41.882309;37.8501205;33.8179283;
40.8549652;0;40.8549652;0;40.8549652;35.8692169;45.8407135;40.8549652;35.8692169;
43.8143501;0;43.8143501;0;43.8143501;37.7598801;49.8688126;43.8143501;37.7598801;
46.7225876;0;46.7225876;0;46.7225876;39.4841766;53.9609985;46.7225876;39.4841766;
49.5739059;0;49.5739059;0;49.5739059;41.037178;58.1106377;49.5739059;41.037178;
52.3624725;0;52.3624725;0;52.3624725;42.4147758;62.3101654;52.3624725;42.4147758;
55.0824738;0;55.0824738;0;55.0824738;43.6136589;66.5512924;55.0824738;43.6136589;
57.7279434;0;57.7279434;0;57.7279434;44.6312027;70.8246765;57.7279434;44.6312027;
60.293129;0;60.293129;0;60.293129;45.4656029;75.1206589;60.293129;45.4656029;
62.7723122;0;62.7723122;0;62.7723122;46.1157417;79.4288864;62.7723122;46.1157417;
65.1598663;0;65.1598663;0;65.1598663;46.581192;83.7385483;65.1598663;46.581192;
67.4503098;0;67.4503098;0;67.4503098;46.8621902;88.0384216;67.4503098;46.8621902;
69.6383133;0;69.6383133;0;69.6383133;46.9596291;92.3170013;69.6383133;46.9596291;
71.71875;0;71.71875;0;71.71875;46.875;96.5625;71.71875;46.875;
73.6867065;0;73.6867065;0;73.6867065;46.6104202;100.763;73.6867065;46.6104202;
75.5375137;0;75.5375137;0;75.5375137;46.1685791;104.906448;75.5375137;46.1685791;
77.2667542;0;77.2667542;0;77.2667542;45.5526962;108.980797;77.2667542;45.5526962;
78.8702927;0;78.8702927;0;78.8702927;44.7665482;112.97403;78.8702927;44.7665482;
80.3443146;0;80.3443146;0;80.3443146;43.8144073;116.874222;80.3443146;43.8144073;
81.6853027;0;81.6853027;0;81.6853027;42.7010155;120.669594;81.6853027;42.7010155;
82.8900986;0;82.8900986;0;82.8900986;41.4316025;124.348602;82.8900986;41.4316025;
83.9559021;0;83.9559021;0;83.9559021;40.0118294;127.899948;83.9559021;40.0118294;
84.8802185;0;84.8802185;0;84.8802185;38.4477425;131.312698;84.8802185;38.4477425;
85.6610184;0;85.6610184;0;85.6610184;36.7458153;134.576233;85.6610184;36.7458153;
86.2966232;0;86.2966232;0;86.2966232;34.9128799;137.680374;86.2966232;34.9128799;
86.7857437;0;86.7857437;0;86.7857437;32.9561043;140.615387;86.7857437;32.9561043;
87.127533;0;87.127533;0;87.127533;30.883007;143.372055;87.127533;30.883007;
87.3215103;0;87.3215103;0;87.3215103;28.7013531;145.941681;87.3215103;28.7013531;
87.3676758;0;87.3676758;0;87.3676758;26.4192295;148.316132;87.3676758;26.4192295;
87.2664261;0;87.2664261;0;87.2664261;24.0449715;150.487885;87.2664261;24.0449715;
87.0185852;0;87.0185852;0;87.0185852;21.5871429;152.450043;87.0185852;21.5871429;
86.6254044;0;86.6254044;0;86.6254044;19.0544701;154.19635;86.6254044;19.0544701;
86.0886002;0;86.0886002;0;86.0886002;16.4558887;155.721298;86.0886002;16.4558887;
85.4102707;0;85.4102707;0;85.4102707;13.8005829;157.019943;85.4102707;13.8005829;
84.5929794;0;84.5929794;0;84.5929794;11.097784;158.088181;84.5929794;11.097784;
83.6397171;0;83.6397171;0;83.6397171;8.35683823;158.922592;83.6397171;8.35683823;
82.5538635;0;82.5538635;0;82.5538635;5.58721542;159.520508;82.5538635;5.58721542;
81.3392029;0;81.3392029;0;81.3392029;2.79838562;159.880035;81.3392029;2.79838562;
80;0;80;0;80;0;160;80;0;
78.5408325;0;78.5408325;0;78.5408325;2.79836655;159.880035;78.5408325;2.79836655;
76.9666595;0;76.9666595;0;76.9666595;5.58719635;159.520508;76.9666595;5.58719635;
75.2828674;0;75.2828674;0;75.2828674;8.3568573;158.922592;75.2828674;8.3568573;
73.4951935;0;73.4951935;0;73.4951935;11.0977936;158.088181;73.4951935;11.0977936;
71.6096878;0;71.6096878;0;71.6096878;13.8005638;157.019943;71.6096878;13.8005638;
69.6327133;0;69.6327133;0;69.6327133;16.4558792;155.721298;69.6327133;16.4558792;
67.5709915;0;67.5709915;0;67.5709915;19.0544128;154.196396;67.5709915;19.0544128;
65.4315109;0;65.4315109;0;65.4315109;21.5870667;152.450089;65.4315109;21.5870667;
63.2215309;0;63.2215309;0;63.2215309;24.0448761;150.487946;63.2215309;24.0448761;
60.948494;0;60.948494;0;60.948494;26.4191818;148.316177;60.948494;26.4191818;
58.6202164;0;58.6202164;0;58.6202164;28.7013054;145.941742;58.6202164;28.7013054;
37.202507;92.0416641;123.594543;102.932144;17.5537701;90.6654205;99.5524979;156.457642;135.232117;
53.8297081;0;53.8297081;0;53.8297081;32.9560471;140.615463;53.8297081;32.9560471;
51.3837814;0;51.3837814;0;51.3837814;34.9128723;137.680435;51.3837814;34.9128723;
48.9152527;0;48.9152527;0;48.9152527;36.7457962;134.576294;48.9152527;36.7457962;
46.4325333;0;46.4325333;0;46.4325333;38.4477043;131.312775;46.4325333;38.4477043;
43.9441681;0;43.9441681;0;43.9441681;40.0117302;127.900055;43.9441681;40.0117302;
41.4585304;0;41.4585304;0;41.4585304;41.4315987;124.348679;41.4585304;41.4315987;
38.9842987;0;38.9842987;0;38.9842987;42.7010155;120.669594;38.9842987;42.7010155;
36.5298843;0;36.5298843;0;36.5298843;43.8144493;116.874207;36.5298843;43.8144493;
34.1037369;0;34.1037369;0;34.1037369;44.7665596;112.97403;34.1037369;44.7665596;
31.7140961;0;31.7140961;0;31.7140961;45.5526352;108.980827;31.7140961;45.5526352;
29.3689346;0;29.3689346;0;29.3689346;46.1685753;104.906448;29.3689346;46.1685753;
27.0762444;0;27.0762444;0;27.0762444;46.6104698;100.76297;27.0762444;46.6104698;
24.84375;0;24.84375;0;24.84375;46.875;96.5625;24.84375;46.875;
22.6786995;0;22.6786995;0;22.6786995;46.95961;92.317009;22.6786995;46.95961;
20.588131;0;20.588131;0;20.588131;46.8621826;88.0384216;20.588131;46.8621826;
18.5786819;0;18.5786819;0;18.5786819;46.581192;83.7385406;18.5786819;46.581192;
16.6566277;0;16.6566277;0;16.6566277;46.1156654;79.4289398;16.6566277;46.1156654;
14.8275375;0;14.8275375;0;14.8275375;45.4655838;75.1206818;14.8275375;45.4655838;
13.0967522;0;13.0967522;0;13.0967522;44.631176;70.8246994;13.0967522;44.631176;
11.4687538;0;11.4687538;0;11.4687538;43.613739;66.5512466;11.4687538;43.613739;
9.94777679;0;9.94777679;0;9.94777679;42.4147606;62.3102951;9.94777679;42.4147606;
8.53679657;0;8.53679657;0;8.53679657;41.037178;58.1107712;8.53679657;41.037178;
7.23852158;0;7.23852158;0;7.23852158;39.4841194;53.9611626;7.23852158;39.4841194;
6.05447769;0;6.05447769;0;6.05447769;37.7599335;49.8689079;6.05447769;37.7599335;
4.98577118;0;4.98577118;0;4.98577118;35.8692741;45.8407974;4.98577118;35.8692741;
4.03238297;0;4.03238297;0;4.03238297;33.8177872;41.8825531;4.03238297;33.8177872;
3.19282532;0;3.19282532;0;3.19282532;31.612606;37.9982376;3.19282532;31.612606;
139.466553;21.3659058;39.2336082;37.5354538;68.2430725;110.488937;126.182091;110.111237;75.3630981;
1.84658051;0;1.84658051;0;1.84658051;26.7708397;30.4640007;1.84658051;26.7708397;
1.33228302;0;1.33228302;0;1.33228302;24.1519165;26.8164825;1.33228302;24.1519165;
0.916538239;0;0.916538239;0;0.916538239;21.4145279;23.2476044;0.916538239;21.4145279;
0.592575073;0;0.592575073;0;0.592575073;18.5696602;19.7548103;0.592575073;18.5696602;
0.352039337;0;0.352039337;0;0.352039337;15.629425;16.3334846;0.352039337;15.629425;
0.185108185;0;0.185108185;0;0.185108185;12.6071739;12.9773712;0.185108185;12.6071739;
0.0801086426;0;0.0801086426;0;0.0801086426;9.51740265;9.67761993;0.0801086426;9.51740265;
0.024356842;0;0.024356842;0;0.024356842;6.37514114;6.42385483;0.024356842;6.37514114;
0.00291824341;0;0.00291824341;0;0.00291824341;3.19704056;3.20289612;0.00291824341;3.19704056;
0;0;0;0;0;0;0;0;0;
0;0.00312066148;0.00312066148;0.00312066148;0;3.19684482;3.19684482;0.00312066148;3.2030859;
0;0.0243413113;0.0243413113;0.0243413113;0;6.37515593;6.37515593;0.0243413113;6.42383862;
0;0.0800816789;0.0800816789;0.0800816789;0;9.51743221;9.51743221;0.0800816789;9.67759514;
0;0.184999734;0.184999734;0.184999734;0;12.6072798;12.6072798;0.184999734;12.9772797;
0;0.35206902;0.35206902;0.35206902;0;15.6293859;15.6293859;0.35206902;16.3335247;
0;0.592654288;0.592654288;0.592654288;0;18.5694981;18.5694981;0.592654288;19.7548065;
0;0.916585922;0.916585922;0.916585922;0;21.414402;21.414402;0.916585922;23.2475739;
0;1.33223319;1.33223319;1.33223319;0;24.1518955;24.1518955;1.33223319;26.8163643;
0;1.84657562;1.84657562;1.84657562;0;26.7707672;26.7707672;1.84657562;30.4639206;
0;2.46527362;2.46527362;2.46527362;0;29.2607765;29.2607765;2.46527362;34.1913261;
0;3.19273686;3.19273686;3.19273686;0;31.6126232;31.6126232;3.19273686;37.9980927;
0;4.03219175;4.03219175;4.03219175;0;33.8179283;33.8179283;4.03219175;41.882309;
0;4.98574829;4.98574829;4.98574829;0;35.8692169;35.8692169;4.98574829;45.8407135;
0;6.05446625;6.05446625;6.05446625;0;37.7598801;37.7598801;6.05446625;49.8688126;
0;7.2384119;7.2384119;7.2384119;0;39.4841766;39.4841766;7.2384119;53.9609985;
0;8.53672981;8.53672981;8.53672981;0;41.037178;41.037178;8.53672981;58.1106377;
0;9.94769573;9.94769573;9.94769573;0;42.4147758;42.4147758;9.94769573;62.3101654;
0;11.4687786;11.4687786;11.4687786;0;43.6136322;43.6136322;11.4687786;66.5511932;
0;13.0966997;13.0966997;13.0966997;0;44.6311798;44.6311798;13.0966997;70.8245773;
0;14.827486;14.827486;14.827486;0;45.4655838;45.4655838;14.827486;75.1205597;
0;16.6565723;16.6565723;16.6565723;0;46.1157417;46.1157417;16.6565723;79.4288864;
0;18.5786743;18.5786743;18.5786743;0;46.581192;46.581192;18.5786743;83.7385483;
0;20.5881195;20.5881195;20.5881195;0;46.8621902;46.8621902;20.5881195;88.0384216;
0;22.6786842;22.6786842;22.6786842;0;46.9596291;46.9596291;22.6786842;92.3170013;
0;24.84375;24.84375;24.84375;0;46.875;46.875;24.84375;96.5625;
0;27.0762844;27.0762844;27.0762844;0;46.6104202;46.6104202;27.0762844;100.763;
0;29.3689327;29.3689327;29.3689327;0;46.1685791;46.1685791;29.3689327;104.906448;
0;31.7140541;31.7140541;31.7140541;0;45.5526962;45.5526962;31.7140541;108.980797;
0;34.1037407;34.1037407;34.1037407;0;44.7665482;44.7665482;34.1037407;112.97403;
0;36.5299072;36.5299072;36.5299072;0;43.8144073;43.8144073;36.5299072;116.874222;
0;38.9842911;38.9842911;38.9842911;0;42.7010155;42.7010155;38.9842911;120.669594;
0;41.4584961;41.4584961;41.4584961;0;41.4316025;41.4316025;41.4584961;124.348602;
0;43.9440613;43.9440613;43.9440613;0;40.0118294;40.0118294;43.9440613;127.899948;
0;46.432476;46.432476;46.432476;0;38.4477425;38.4477425;46.432476;131.312698;
0;48.9152107;48.9152107;48.9152107;0;36.7458153;36.7458153;48.9152107;134.576233;
0;51.3837433;51.3837433;51.3837433;0;34.9128799;34.9128799;51.3837433;137.680374;
0;53.8296432;53.8296432;53.8296432;0;32.9561043;32.9561043;53.8296432;140.615387;
0;56.2445221;56.2445221;56.2445221;0;30.883007;30.883007;56.2445221;143.372055;
0;58.620163;58.620163;58.620163;0;28.7013531;28.7013531;58.620163;145.941681;
0;60.9484482;60.9484482;60.9484482;0;26.4192295;26.4192295;60.9484482;148.316132;
0;63.2214546;63.2214546;63.2214546;0;24.0449715;24.0449715;63.2214546;150.487885;
0;65.4314499;65.4314499;65.4314499;0;21.5871429;21.5871429;65.4314499;152.450043;
0;67.5709381;67.5709381;67.5709381;0;19.0544701;19.0544701;67.5709381;154.19635;
0;69.6326599;69.6326599;69.6326599;0;16.4559364;16.4559364;69.6326599;155.721268;
0;71.609642;71.609642;71.609642;0;13.8006401;13.8006401;71.609642;157.019928;
0;73.4951935;73.4951935;73.4951935;0;11.097784;11.097784;73.4951935;158.088181;
0;75.2828827;75.2828827;75.2828827;0;8.35683823;8.35683823;75.2828827;158.922592;
0;76.9666443;76.9666443;76.9666443;0;5.58721542;5.58721542;76.9666443;159.520508;
0;78.5408173;78.5408173;78.5408173;0;2.79838562;2.79838562;78.5408173;159.880035;
0;80;80;80;0;0;0;80;160;
0;81.3391953;81.3391953;81.3391953;0;2.79836655;2.79836655;81.3391953;159.880035;
0;82.5538559;82.5538559;82.5538559;0;5.58719635;5.58719635;82.5538559;159.520508;
0;83.6397247;83.6397247;83.6397247;0;8.3568573;8.3568573;83.6397247;158.922592;
0;84.5929871;84.5929871;84.5929871;0;11.0977936;11.0977936;84.5929871;158.088181;
0;85.4102478;85.4102478;85.4102478;0;13.8005638;13.8005638;85.4102478;157.019943;
0;86.0885925;86.0885925;86.0885925;0;16.4558792;16.4558792;86.0885925;155.721298;
0;86.6254044;86.6254044;86.6254044;0;19.0544128;19.0544128;86.6254044;154.196396;
0;87.0185776;87.0185776;87.0185776;0;21.5870667;21.5870667;87.0185776;152.450089;
0;87.2664032;87.2664032;87.2664032;0;24.0448761;24.0448761;87.2664032;150.487946;
0;87.3676758;87.3676758;87.3676758;0;26.4191818;26.4191818;87.3676758;148.316177;
0;87.3215179;87.3215179;87.3215179;0;28.7013054;28.7013054;87.3215179;145.941742;
0;87.1275406;87.1275406;87.1275406;0;30.8829689;30.8829689;87.1275406;143.372116;
0;86.7857513;86.7857513;86.7857513;0;32.9560471;32.9560471;86.7857513;140.615463;
0;86.2966537;86.2966537;86.2966537;0;34.9128723;34.9128723;86.2966537;137.680435;
0;85.6610489;85.6610489;85.6610489;0;36.7457962;36.7457962;85.6610489;134.576294;
0;84.8802338;84.8802338;84.8802338;0;38.4477043;38.4477043;84.8802338;131.312775;
0;83.9559021;83.9559021;83.9559021;0;40.0117302;40.0117302;83.9559021;127.900055;
0;82.8901367;82.8901367;82.8901367;0;41.4315987;41.4315987;82.8901367;124.348679;
0;81.6853409;81.6853409;81.6853409;0;42.7009964;42.7009964;81.6853409;120.669678;
0;80.3443527;80.3443527;80.3443527;0;43.8144112;43.8144112;80.3443527;116.874306;
0;78.8703156;78.8703156;78.8703156;0;44.7664833;44.7664833;78.8703156;112.974152;
0;77.2667313;77.2667313;77.2667313;0;45.5526352;45.5526352;77.2667313;108.980827;
0;75.5375061;75.5375061;75.5375061;0;46.1685753;46.1685753;75.5375061;104.906448;
0;73.6867218;73.6867218;73.6867218;0;46.6104698;46.6104698;73.6867218;100.76297;
0;71.71875;71.71875;71.71875;0;46.875;46.875;71.71875;96.5625;
0;69.6383057;69.6383057;69.6383057;0;46.95961;46.95961;69.6383057;92.317009;
0;67.4503021;67.4503021;67.4503021;0;46.8621826;46.8621826;67.4503021;88.0384216;
0;65.1598663;65.1598663;65.1598663;0;46.581192;46.581192;65.1598663;83.7385406;
0;62.7722969;62.7722969;62.7722969;0;46.1156654;46.1156654;62.7722969;79.4289398;
0;60.2931252;60.2931252;60.2931252;0;45.4655838;45.4655838;60.2931252;75.1206818;
0;57.7279358;57.7279358;57.7279358;0;44.631176;44.631176;57.7279358;70.8246994;
0;55.082489;55.082489;55.082489;0;43.613739;43.613739;55.082489;66.5512466;
0;52.3625259;52.3625259;52.3625259;0;42.4147606;42.4147606;52.3625259;62.3102951;
0;49.5739708;49.5739708;49.5739708;0;41.037178;41.037178;49.5739708;58.1107712;
0;46.722641;46.722641;46.722641;0;39.4841194;39.4841194;46.722641;53.9611626;
0;43.8144226;43.8144226;43.8144226;0;37.7599335;37.7599335;43.8144226;49.8689079;
0;40.8550339;40.8550339;40.8550339;0;35.8692741;35.8692741;40.8550339;45.8407974;
0;37.8501663;37.8501663;37.8501663;0;33.8177872;33.8177872;37.8501663;41.8825531;
0;34.8054237;34.8054237;34.8054237;0;31.612606;31.612606;34.8054237;37.9982376;
0;31.7261238;31.7261238;31.7261238;0;29.2608452;29.2608452;31.7261238;34.1913986;
0;28.6174202;28.6174202;28.6174202;0;26.7708397;26.7708397;28.6174202;30.4640007;
0;25.4842014;25.4842014;25.4842014;0;24.1519165;24.1519165;25.4842014;26.8164825;
0;22.331068;22.331068;22.331068;0;21.4145279;21.4145279;22.331068;23.2476044;
0;19.1622334;19.1622334;19.1622334;0;18.5696602;18.5696602;19.1622334;19.7548103;
0;15.9815331;15.9815331;15.9815331;0;15.6295204;15.6295204;15.9815331;16.3335419;
0;12.7923536;12.7923536;12.7923536;0;12.6073074;12.6073074;12.7923536;12.9774094;
0;9.5975132;9.5975132;9.5975132;0;9.51740265;9.51740265;9.5975132;9.67761993;
0;6.39949703;6.39949703;6.39949703;0;6.37514114;6.37514114;6.39949703;6.42385483;
0;3.19996738;3.19996738;3.19996738;0;3.19704056;3.19704056;3.19996738;3.20289612;
0;0;0;0;0;0;0;0;0;
0;3.19676876;3.19988918;3.19676876;0;3.20300961;3.20300961;3.20300961;3.19988918;
0;6.37515593;6.39949751;6.37515593;0;6.42383862;6.42383862;6.42383862;6.39949751;
0;9.51735783;9.59743786;9.51735783;0;9.67751694;9.67751694;9.67751694;9.59743786;
0;12.6072798;12.7922802;12.6072798;0;12.9772797;12.9772797;12.9772797;12.7922802;
0;15.6293144;15.9813786;15.6293144;0;16.3334427;16.3334427;16.3334427;15.9813786;
0;18.5694981;19.1621532;18.5694981;0;19.7548065;19.7548065;19.7548065;19.1621532;
0;21.4143353;22.3309135;21.4143353;0;23.2474899;23.2474899;23.2474899;22.3309135;
0;24.1518955;25.4841309;24.1518955;0;26.8163643;26.8163643;26.8163643;25.4841309;
0;26.7707081;28.6172695;26.7707081;0;30.4638309;30.4638309;30.4638309;28.6172695;
0;29.2607765;31.7260513;29.2607765;0;34.1913261;34.1913261;34.1913261;31.7260513;
0;31.6126785;34.8054314;31.6126785;0;37.998188;37.998188;37.998188;34.8054314;
0;33.8179283;37.8501205;33.8179283;0;41.882309;41.882309;41.882309;37.8501205;
0;35.8692627;40.8550339;35.8692627;0;45.8408051;45.8408051;45.8408051;40.8550339;
0;37.7598801;43.8143501;37.7598801;0;49.8688126;49.8688126;49.8688126;43.8143501;
0;39.4842148;46.7226562;39.4842148;0;53.9611015;53.9611015;53.9611015;46.7226562;
0;41.037178;49.5739059;41.037178;0;58.1106377;58.1106377;58.1106377;49.5739059;
0;42.4148102;52.3625374;42.4148102;0;62.3102646;62.3102646;62.3102646;52.3625374;
0;43.6136322;55.0824127;43.6136322;0;66.5511932;66.5511932;66.5511932;55.0824127;
0;44.6312027;57.7279434;44.6312027;0;70.8246765;70.8246765;70.8246765;57.7279434;
0;45.4655838;60.2930756;45.4655838;0;75.1205597;75.1205597;75.1205597;60.2930756;
0;46.1157417;62.7723122;46.1157417;0;79.4288864;79.4288864;79.4288864;62.7723122;
0;46.5811844;65.1598129;46.5811844;0;83.7384415;83.7384415;83.7384415;65.1598129;
0;46.8621902;67.4503098;46.8621902;0;88.0384216;88.0384216;88.0384216;67.4503098;
0;46.9596252;69.6382599;46.9596252;0;92.3168945;92.3168945;92.3168945;69.6382599;
0;46.875;71.71875;46.875;0;96.5625;96.5625;96.5625;71.71875;
0;46.6104317;73.6866608;46.6104317;0;100.762894;100.762894;100.762894;73.6866608;
0;46.1685791;75.5375137;46.1685791;0;104.906448;104.906448;104.906448;75.5375137;
0;45.5527153;77.2667084;45.5527153;0;108.980705;108.980705;108.980705;77.2667084;
0;44.7665482;78.8702927;44.7665482;0;112.97403;112.97403;112.97403;78.8702927;
0;43.8144302;80.3442764;43.8144302;0;116.87413;116.87413;116.87413;80.3442764;
0;42.7010155;81.6853027;42.7010155;0;120.669594;120.669594;120.669594;81.6853027;
0;41.4316368;82.8900757;41.4316368;0;124.348518;124.348518;124.348518;82.8900757;
0;40.0118294;83.9559021;40.0118294;0;127.899948;127.899948;127.899948;83.9559021;
0;38.4477806;84.8802032;38.4477806;0;131.312622;131.312622;131.312622;84.8802032;
0;36.7458153;85.6610184;36.7458153;0;134.576233;134.576233;134.576233;85.6610184;
0;34.9128342;86.2966309;34.9128342;0;137.680435;137.680435;137.680435;86.2966309;
0;32.9561043;86.7857437;32.9561043;0;140.615387;140.615387;140.615387;86.7857437;
0;30.8829498;87.127533;30.8829498;0;143.372116;143.372116;143.372116;87.127533;
0;28.7013531;87.3215103;28.7013531;0;145.941681;145.941681;145.941681;87.3215103;
0;26.4191818;87.367691;26.4191818;0;148.316177;148.316177;148.316177;87.367691;
0;24.0449715;87.2664261;24.0449715;0;150.487885;150.487885;150.487885;87.2664261;
0;21.5870762;87.0185776;21.5870762;0;152.450073;152.450073;152.450073;87.0185776;
0;19.0544701;86.6254044;19.0544701;0;154.19635;154.19635;154.19635;86.6254044;
0;16.4558887;86.0886002;16.4558887;0;155.721298;155.721298;155.721298;86.0886002;
0;13.8006401;85.4102783;13.8006401;0;157.019928;157.019928;157.019928;85.4102783;
0;11.097784;84.5929794;11.097784;0;158.088181;158.088181;158.088181;84.5929794;
0;8.35689545;83.63974;8.35689545;0;158.922577;158.922577;158.922577;83.63974;
0;5.58721542;82.5538635;5.58721542;0;159.520508;159.520508;159.520508;82.5538635;
0;2.79847145;81.3392487;2.79847145;0;159.880035;159.880035;159.880035;81.3392487;
0;0;80;0;0;160;160;160;80;
0;2.7983284;78.540863;2.7983284;0;159.880035;159.880035;159.880035;78.540863;
0;5.58719635;76.9666595;5.58719635;0;159.520508;159.520508;159.520508;76.9666595;
0;8.35676193;75.2829285;8.35676193;0;158.922607;158.922607;158.922607;75.2829285;
0;11.0977936;73.4951935;11.0977936;0;158.088181;158.088181;158.088181;73.4951935;
0;13.8005257;71.609726;13.8005257;0;157.019974;157.019974;157.019974;71.609726;
0;16.4558792;69.6327133;16.4558792;0;155.721298;155.721298;155.721298;69.6327133;
0;19.0543556;67.5710373;19.0543556;0;154.196442;154.196442;154.196442;67.5710373;
0;21.5870667;65.4315109;21.5870667;0;152.450089;152.450089;152.450089;65.4315109;
0;24.0448761;63.22155;24.0448761;0;150.487976;150.487976;150.487976;63.22155;
0;26.4191818;60.948494;26.4191818;0;148.316177;148.316177;148.316177;60.948494;
0;28.7013817;58.6201477;28.7013817;0;145.941666;145.941666;145.941666;58.6201477;
0;30.8829689;56.2445755;30.8829689;0;143.372116;143.372116;143.372116;56.2445755;
0;32.9561424;53.8296127;32.9561424;0;140.615372;140.615372;140.615372;53.8296127;
0;34.9128723;51.3837814;34.9128723;0;137.680435;137.680435;137.680435;51.3837814;
17.4512501;40.0112457;29.1176758;86.7662888;92.2370987;22.8795166;76.0821152;37.8660507;10.7909498;
0;38.4477043;46.4325333;38.4477043;0;131.312775;131.312775;131.312775;46.4325333;
0;40.0118065;43.9440727;40.0118065;0;127.899963;127.899963;127.899963;43.9440727;
0;41.4315987;41.4585304;41.4315987;0;124.348679;124.348679;124.348679;41.4585304;
0;42.7010155;38.9842987;42.7010155;0;120.669594;120.669594;120.669594;38.9842987;
0;43.8144112;36.5299416;43.8144112;0;116.874306;116.874306;116.874306;36.5299416;
0;44.7665596;34.1037369;44.7665596;0;112.97403;112.97403;112.97403;34.1037369;
0;45.5527115;31.7140961;45.5527115;0;108.980881;108.980881;108.980881;31.7140961;
0;46.1685753;29.3689346;46.1685753;0;104.906448;104.906448;104.906448;29.3689346;
0;46.6104126;27.0763397;46.6104126;0;100.763092;100.763092;100.763092;27.0763397;
0;46.875;24.84375;46.875;0;96.5625;96.5625;96.5625;24.84375;
0;46.95961;22.6787567;46.95961;0;92.3171082;92.3171082;92.3171082;22.6787567;
0;46.8621826;20.588131;46.8621826;0;88.0384216;88.0384216;88.0384216;20.588131;
0;46.5811539;18.5787582;46.5811539;0;83.7386703;83.7386703;83.7386703;18.5787582;
0;46.1156654;16.6566277;46.1156654;0;79.4289398;79.4289398;79.4289398;16.6566277;
64.6024704;44.8092308;95.3257446;44.8339767;64.8982544;46.8331146;114.140327;130.805542;21.1385727;
0;44.631176;13.0967522;44.631176;0;70.8246994;70.8246994;70.8246994;13.0967522;
0;43.6137199;11.4688301;43.6137199;0;66.5513763;66.5513763;66.5513763;11.4688301;
0;42.4147606;9.94777679;42.4147606;0;62.3102951;62.3102951;62.3102951;9.94777679;
0;41.037159;8.53687286;41.037159;0;58.1109047;58.1109047;58.1109047;8.53687286;
0;39.4841194;7.23852158;39.4841194;0;53.9611626;53.9611626;53.9611626;7.23852158;
0;37.7599335;6.05455399;37.7599335;0;49.8690414;49.8690414;49.8690414;6.05455399;
117.467201;77.7134323;8.241745;3.97498703;50.8634796;61.3650589;34.5881615;131.824478;15.3729162;
0;33.8179588;4.03217316;33.8179588;0;41.8822861;41.8822861;41.8822861;4.03217316;
0;31.612606;3.19282532;31.612606;0;37.9982376;37.9982376;37.9982376;3.19282532;
0;29.260788;2.46526718;29.260788;0;34.1913223;34.1913223;34.1913223;2.46526718;
0;26.7708397;1.84658051;26.7708397;0;30.4640007;30.4640007;30.4640007;1.84658051;
0;24.1518402;1.33228302;24.1518402;0;26.8164062;26.8164062;26.8164062;1.33228302;
101.715004;157.395996;13.6399002;156.763702;123.300476;62.7939377;115.396156;4.21652699;41.6003075;
0;18.5695839;0.592575073;18.5695839;0;19.754734;19.754734;19.754734;0.592575073;
0;15.6295204;0.352020264;15.6295204;0;16.3335419;16.3335419;16.3335419;0.352020264;
0;12.6071739;0.185108185;12.6071739;0;12.9773712;12.9773712;12.9773712;0.185108185;
0;9.51753616;0.0800514221;9.51753616;0;9.67763901;9.67763901;9.67763901;0.0800514221;
0;6.37514114;0.024356842;6.37514114;0;6.42385483;6.42385483;6.42385483;0.024356842;
0;3.1968689;0.00316619873;3.1968689;0;3.20322037;3.20322037;3.20322037;0.00316619873;
0;0;0;0;0;0;0;0;0;
0.00312044006;3.19676876;0;3.20300961;0.00312044006;3.19988918;3.19988918;3.19676876;0;
0.0243413113;6.37515593;0;6.42383862;0.0243413113;6.39949751;6.39949751;6.37515593;0;
0.0800798088;9.51735783;0;9.67751694;0.0800798088;9.59743786;9.59743786;9.51735783;0;
0.184999734;12.6072798;0;12.9772797;0.184999734;12.7922802;12.7922802;12.6072798;0;
0.352064222;15.6293144;0;16.3334427;0.352064222;15.9813786;15.9813786;15.6293144;0;
0.592654288;18.5694981;0;19.7548065;0.592654288;19.1621532;19.1621532;18.5694981;0;
0.91657722;21.4143353;0;23.2474899;0.91657722;22.3309135;22.3309135;21.4143353;0;
1.33223319;24.1518955;0;26.8163643;1.33223319;25.4841309;25.4841309;24.1518955;0;
1.84656239;26.7707081;0;30.4638309;1.84656239;28.6172695;28.6172695;26.7707081;0;
2.46527362;29.2607765;0;34.1913261;2.46527362;31.7260513;31.7260513;29.2607765;0;
3.19271803;31.6125679;0;37.9980049;3.19271803;34.8052864;34.8052864;31.6125679;0;
4.03219175;33.8179283;0;41.882309;4.03219175;37.8501205;37.8501205;33.8179283;0;
4.98577309;35.8692627;0;45.8408051;4.98577309;40.8550339;40.8550339;35.8692627;0;
6.05446625;37.7598801;0;49.8688126;6.05446625;43.8143501;43.8143501;37.7598801;0;
7.23844147;39.4842148;0;53.9611015;7.23844147;46.7226562;46.7226562;39.4842148;0;
8.53672981;41.037178;0;58.1106377;8.53672981;49.5739059;49.5739059;41.037178;0;
9.94773006;42.4148102;0;62.3102646;9.94773006;52.3625374;52.3625374;42.4148102;0;
11.4687786;43.6136322;0;66.5511932;11.4687786;55.0824127;55.0824127;43.6136322;0;
13.0967407;44.6312027;0;70.8246765;13.0967407;57.7279434;57.7279434;44.6312027;0;
14.827486;45.4655838;0;75.1205597;14.827486;60.2930756;60.2930756;45.4655838;0;
16.6565723;46.1157417;0;79.4288864;16.6565723;62.7723122;62.7723122;46.1157417;0;
18.5786304;46.5811844;0;83.7384415;18.5786304;65.1598129;65.1598129;46.5811844;0;
20.5881195;46.8621902;0;88.0384216;20.5881195;67.4503098;67.4503098;46.8621902;0;
22.6786385;46.9596252;0;92.3168945;22.6786385;69.6382599;69.6382599;46.9596252;0;
24.84375;46.875;0;96.5625;24.84375;71.71875;71.71875;46.875;0;
27.0762291;46.6104317;0;100.762894;27.0762291;73.6866608;73.6866608;46.6104317;0;
29.3689327;46.1685791;0;104.906448;29.3689327;75.5375137;75.5375137;46.1685791;0;
31.7139931;45.5527153;0;108.980705;31.7139931;77.2667084;77.2667084;45.5527153;0;
34.1037407;44.7665482;0;112.97403;34.1037407;78.8702927;78.8702927;44.7665482;0;
36.52985;43.8144302;0;116.87413;36.52985;80.3442764;80.3442764;43.8144302;0;
38.9842911;42.7010155;0;120.669594;38.9842911;81.6853027;81.6853027;42.7010155;0;
41.4584389;41.4316368;0;124.348518;41.4584389;82.8900757;82.8900757;41.4316368;0;
43.9440613;40.0118294;0;127.899948;43.9440613;83.9559021;83.9559021;40.0118294;0;
46.4324188;38.4477806;0;131.312622;46.4324188;84.8802032;84.8802032;38.4477806;0;
48.9152107;36.7458153;0;134.576233;48.9152107;85.6610184;85.6610184;36.7458153;0;
51.3836823;34.9129295;0;137.680298;51.3836823;86.2966156;86.2966156;34.9129295;0;
53.8296432;32.9561043;0;140.615387;53.8296432;86.7857437;86.7857437;32.9561043;0;
56.2445831;30.8829498;0;143.372116;56.2445831;87.127533;87.127533;30.8829498;0;
58.620163;28.7013531;0;145.941681;58.620163;87.3215103;87.3215103;28.7013531;0;
60.9485016;26.4191818;0;148.316177;60.9485016;87.367691;87.367691;26.4191818;0;
63.2214546;24.0449715;0;150.487885;63.2214546;87.2664261;87.2664261;24.0449715;0;
65.4315033;21.5870762;0;152.450073;65.4315033;87.0185776;87.0185776;21.5870762;0;
67.5709381;19.0544701;0;154.19635;67.5709381;86.6254044;86.6254044;19.0544701;0;
69.6327057;16.4558887;0;155.721298;69.6327057;86.0886002;86.0886002;16.4558887;0;
71.609642;13.8006401;0;157.019928;71.609642;85.4102783;85.4102783;13.8006401;0;
73.4951935;11.097784;0;158.088181;73.4951935;84.5929794;84.5929794;11.097784;0;
75.2828369;8.35689545;0;158.922577;75.2828369;83.63974;83.63974;8.35689545;0;
76.9666443;5.58721542;0;159.520508;76.9666443;82.5538635;82.5538635;5.58721542;0;
78.5407791;2.79847145;0;159.880035;78.5407791;81.3392487;81.3392487;2.79847145;0;
80;0;0;160;80;80;80;0;0;
81.3391876;2.7983284;0;159.880035;81.3391876;78.540863;78.540863;2.7983284;0;
82.5538559;5.58719635;0;159.520508;82.5538559;76.9666595;76.9666595;5.58719635;0;
83.6396866;8.35676193;0;158.922607;83.6396866;75.2829285;75.2829285;8.35676193;0;
84.5929871;11.0977936;0;158.088181;84.5929871;73.4951935;73.4951935;11.0977936;0;
85.4102478;13.8005257;0;157.019974;85.4102478;71.609726;71.609726;13.8005257;0;
86.0885925;16.4558792;0;155.721298;86.0885925;69.6327133;69.6327133;16.4558792;0;
86.6253967;19.0543556;0;154.196442;86.6253967;67.5710373;67.5710373;19.0543556;0;
87.0185776;21.5870667;0;152.450089;87.0185776;65.4315109;65.4315109;21.5870667;0;
87.2664261;24.0448761;0;150.487976;87.2664261;63.22155;63.22155;24.0448761;0;
87.3676758;26.4191818;0;148.316177;87.3676758;60.948494;60.948494;26.4191818;0;
87.3215103;28.7012291;0;145.941788;87.3215103;58.6202812;58.6202812;28.7012291;0;
87.1275406;30.8829689;0;143.372116;87.1275406;56.2445755;56.2445755;30.8829689;0;
86.7857742;32.956028;0;140.615524;86.7857742;53.8297462;53.8297462;32.956028;0;
86.2966537;34.9128723;0;137.680435;86.2966537;51.3837814;51.3837814;34.9128723;0;
85.6610184;36.7458153;0;134.576233;85.6610184;48.9152069;48.9152069;36.7458153;0;
84.8802338;38.4477043;0;131.312775;84.8802338;46.4325333;46.4325333;38.4477043;0;
83.9558868;40.0118065;0;127.899963;83.9558868;43.9440727;43.9440727;40.0118065;0;
82.8901367;41.4315987;0;124.348679;82.8901367;41.4585304;41.4585304;41.4315987;0;
81.6853027;42.7010155;0;120.669594;81.6853027;38.9842987;38.9842987;42.7010155;0;
80.3443527;43.8144112;0;116.874306;80.3443527;36.5299416;36.5299416;43.8144112;0;
78.8703003;44.7665596;0;112.97403;78.8703003;34.1037369;34.1037369;44.7665596;0;
77.2667999;45.5527115;0;108.980881;77.2667999;31.7140961;31.7140961;45.5527115;0;
75.5375061;46.1685753;0;104.906448;75.5375061;29.3689346;29.3689346;46.1685753;0;
73.6867523;46.6104126;0;100.763092;73.6867523;27.0763397;27.0763397;46.6104126;0;
71.71875;46.875;0;96.5625;71.71875;24.84375;24.84375;46.875;0;
69.6383591;46.95961;0;92.3171082;69.6383591;22.6787567;22.6787567;46.95961;0;
67.4503021;46.8621826;0;88.0384216;67.4503021;20.588131;20.588131;46.8621826;0;
65.1599121;46.5811539;0;83.7386703;65.1599121;18.5787582;18.5787582;46.5811539;0;
62.7722969;46.1156654;0;79.4289398;62.7722969;16.6566277;16.6566277;46.1156654;0;
60.2931786;45.4655647;0;75.1207886;60.2931786;14.8276138;14.8276138;45.4655647;0;
57.7279358;44.631176;0;70.8246994;57.7279358;13.0967522;13.0967522;44.631176;0;
79.5334549;30.6434059;126.085419;81.0680466;37.3381805;82.2328568;42.3822594;103.992416;41.968605;
135.889572;153.279083;125.218796;65.5114288;92.0558243;132.497803;22.4046059;92.9101715;55.8308182;
17.8737144;122.821228;88.1209946;7.64108706;37.353157;82.0018005;150.924805;99.0732498;31.0508118;
46.722641;39.4841194;0;53.9611626;46.722641;7.23852158;7.23852158;39.4841194;0;
43.8144836;37.7599335;0;49.8690414;43.8144836;6.05455399;6.05455399;37.7599335;0;
40.8550339;35.8692741;0;45.8407974;40.8550339;4.98577118;4.98577118;35.8692741;0;
37.8502617;33.817997;0;41.882515;37.8502617;4.03226852;4.03226852;33.817997;0;
88.5948105;98.2086945;61.6393204;131.013931;7.38072634;9.55205154;2.46346188;41.0586891;149.910843;
31.7260532;29.260788;0;34.1913223;31.7260532;2.46526718;2.46526718;29.260788;0;
28.6174202;26.7708397;0;30.4640007;28.6174202;1.84658051;1.84658051;26.7708397;0;
25.4841251;24.1518402;0;26.8164062;25.4841251;1.33228302;1.33228302;24.1518402;0;
22.331068;21.4145279;0;23.2476044;22.331068;0.916538239;0.916538239;21.4145279;0;
19.1621571;18.5695839;0;19.754734;19.1621571;0.592575073;0.592575073;18.5695839;0;
15.9815331;15.6295204;0;16.3335419;15.9815331;0.352020264;0.352020264;15.6295204;0;
12.7922745;12.6071739;0;12.9773712;12.7922745;0.185108185;0.185108185;12.6071739;0;
9.5975914;9.51753616;0;9.67763901;9.5975914;0.0800514221;0.0800514221;9.51753616;0;
6.39949703;6.37514114;0;6.42385483;6.39949703;0.024356842;0.024356842;6.37514114;0;
3.20004106;3.1968689;0;3.20322037;3.20004106;0.00316619873;0.00316619873;3.1968689;0;
0;0;0;0;0;0;0;0;0;
3.20300961;3.20300961;0.00312044006;3.20300961;3.20300961;0.00312044006;0;3.19988918;0.00312044006;
6.42383862;6.42383862;0.0243413113;6.42383862;6.42383862;0.0243413113;0;6.39949751;0.0243413113;
9.67751694;9.67751694;0.0800798088;9.67751694;9.67751694;0.0800798088;0;9.59743786;0.0800798088;
12.9772797;12.9772797;0.184999734;12.9772797;12.9772797;0.184999734;0;12.7922802;0.184999734;
16.3334427;16.3334427;0.352064222;16.3334427;16.3334427;0.352064222;0;15.9813786;0.352064222;
92.1887817;75.6987152;58.0363007;38.9863739;26.3251228;102.898628;66.0891342;74.9747467;100.912994;
23.2474899;23.2474899;0.91657722;23.2474899;23.2474899;0.91657722;0;22.3309135;0.91657722;
26.8163643;26.8163643;1.33223319;26.8163643;26.8163643;1.33223319;0;25.4841309;1.33223319;
30.4638309;30.4638309;1.84656239;30.4638309;30.4638309;1.84656239;0;28.6172695;1.84656239;
34.1913261;34.1913261;2.46527362;34.1913261;34.1913261;2.46527362;0;31.7260513;2.46527362;
37.9980049;37.9980049;3.19271803;37.9980049;37.9980049;3.19271803;0;34.8052864;3.19271803;
41.882309;41.882309;4.03219175;41.882309;41.882309;4.03219175;0;37.8501205;4.03219175;
45.8406143;45.8406143;4.98572493;45.8406143;45.8406143;4.98572493;0;40.8548927;4.98572493;
49.8688126;49.8688126;6.05446625;49.8688126;49.8688126;6.05446625;0;43.8143501;6.05446625;
53.9611015;53.9611015;7.23844147;53.9611015;53.9611015;7.23844147;0;46.7226562;7.23844147;
58.1106377;58.1106377;8.53672981;58.1106377;58.1106377;8.53672981;0;49.5739059;8.53672981;
62.3102646;62.3102646;9.94773006;62.3102646;62.3102646;9.94773006;0;52.3625374;9.94773006;
66.5511932;66.5511932;11.4687786;66.5511932;66.5511932;11.4687786;0;55.0824127;11.4687786;
70.8246765;70.8246765;13.0967407;70.8246765;70.8246765;13.0967407;0;57.7279434;13.0967407;
75.1205597;75.1205597;14.827486;75.1205597;75.1205597;14.827486;0;60.2930756;14.827486;
79.4288864;79.4288864;16.6565723;79.4288864;79.4288864;16.6565723;0;62.7723122;16.6565723;
83.7384415;83.7384415;18.5786304;83.7384415;83.7384415;18.5786304;0;65.1598129;18.5786304;
88.0384216;88.0384216;20.5881195;88.0384216;88.0384216;20.5881195;0;67.4503098;20.5881195;
92.3168945;92.3168945;22.6786385;92.3168945;92.3168945;22.6786385;0;69.6382599;22.6786385;
96.5625;96.5625;24.84375;96.5625;96.5625;24.84375;0;71.71875;24.84375;
100.762894;100.762894;27.0762291;100.762894;100.762894;27.0762291;0;73.6866608;27.0762291;
104.906448;104.906448;29.3689327;104.906448;104.906448;29.3689327;0;75.5375137;29.3689327;
108.980705;108.980705;31.7139931;108.980705;108.980705;31.7139931;0;77.2667084;31.7139931;
112.97403;112.97403;34.1037407;112.97403;112.97403;34.1037407;0;78.8702927;34.1037407;
116.87413;116.87413;36.52985;116.87413;116.87413;36.52985;0;80.3442764;36.52985;
120.669594;120.669594;38.9842911;120.669594;120.669594;38.9842911;0;81.6853027;38.9842911;
124.348518;124.348518;41.4584389;124.348518;124.348518;41.4584389;0;82.8900757;41.4584389;
127.899948;127.899948;43.9440613;127.899948;127.899948;43.9440613;0;83.9559021;43.9440613;
131.312622;131.312622;46.4324188;131.312622;131.312622;46.4324188;0;84.8802032;46.4324188;
134.576233;134.576233;48.9152107;134.576233;134.576233;48.9152107;0;85.6610184;48.9152107;
137.680298;137.680298;51.3836823;137.680298;137.680298;51.3836823;0;86.2966156;51.3836823;
140.615387;140.615387;53.8296432;140.615387;140.615387;53.8296432;0;86.7857437;53.8296432;
143.371979;143.371979;56.2444611;143.371979;143.371979;56.2444611;0;87.1275253;56.2444611;
145.941681;145.941681;58.620163;145.941681;145.941681;58.620163;0;87.3215103;58.620163;
148.316071;148.316071;60.9483948;148.316071;148.316071;60.9483948;0;87.367691;60.9483948;
150.487885;150.487885;63.2214546;150.487885;150.487885;63.2214546;0;87.2664261;63.2214546;
152.450073;152.450073;65.4315033;152.450073;152.450073;65.4315033;0;87.0185776;65.4315033;
154.19635;154.19635;67.5709381;154.19635;154.19635;67.5709381;0;86.6254044;67.5709381;
155.721298;155.721298;69.6327057;155.721298;155.721298;69.6327057;0;86.0886002;69.6327057;
157.019928;157.019928;71.609642;157.019928;157.019928;71.609642;0;85.4102783;71.609642;
158.088181;158.088181;73.4951935;158.088181;158.088181;73.4951935;0;84.5929794;73.4951935;
158.922577;158.922577;75.2828369;158.922577;158.922577;75.2828369;0;83.63974;75.2828369;
159.520508;159.520508;76.9666443;159.520508;159.520508;76.9666443;0;82.5538635;76.9666443;
159.880035;159.880035;78.5407791;159.880035;159.880035;78.5407791;0;81.3392487;78.5407791;
160;160;80;160;160;80;0;80;80;
159.880035;159.880035;81.3391876;159.880035;159.880035;81.3391876;0;78.540863;81.3391876;
159.520508;159.520508;82.5538559;159.520508;159.520508;82.5538559;0;76.9666595;82.5538559;
158.922607;158.922607;83.6396866;158.922607;158.922607;83.6396866;0;75.2829285;83.6396866;
158.088181;158.088181;84.5929871;158.088181;158.088181;84.5929871;0;73.4951935;84.5929871;
157.019974;157.019974;85.4102478;157.019974;157.019974;85.4102478;0;71.609726;85.4102478;
155.721298;155.721298;86.0885925;155.721298;155.721298;86.0885925;0;69.6327133;86.0885925;
154.196442;154.196442;86.6253967;154.196442;154.196442;86.6253967;0;67.5710373;86.6253967;
152.450089;152.450089;87.0185776;152.450089;152.450089;87.0185776;0;65.4315109;87.0185776;
150.487976;150.487976;87.2664261;150.487976;150.487976;87.2664261;0;63.22155;87.2664261;
148.316177;148.316177;87.3676758;148.316177;148.316177;87.3676758;0;60.948494;87.3676758;
145.941788;145.941788;87.3215103;145.941788;145.941788;87.3215103;0;58.6202812;87.3215103;
143.372116;143.372116;87.1275406;143.372116;143.372116;87.1275406;0;56.2445755;87.1275406;
140.615524;140.615524;86.7857742;140.615524;140.615524;86.7857742;0;53.8297462;86.7857742;
137.680435;137.680435;86.2966537;137.680435;137.680435;86.2966537;0;51.3837814;86.2966537;
134.576385;134.576385;85.6610565;134.576385;134.576385;85.6610565;0;48.9153214;85.6610565;
131.312775;131.312775;84.8802338;131.312775;131.312775;84.8802338;0;46.4325333;84.8802338;
127.899963;127.899963;83.9558868;127.899963;127.899963;83.9558868;0;43.9440727;83.9558868;
124.348679;124.348679;82.8901367;124.348679;124.348679;82.8901367;0;41.4585304;82.8901367;
120.669594;120.669594;81.6853027;120.669594;120.669594;81.6853027;0;38.9842987;81.6853027;
116.874306;116.874306;80.3443527;116.874306;116.874306;80.3443527;0;36.5299416;80.3443527;
112.97403;112.97403;78.8703003;112.97403;112.97403;78.8703003;0;34.1037369;78.8703003;
108.980881;108.980881;77.2667999;108.980881;108.980881;77.2667999;0;31.7140961;77.2667999;
104.906448;104.906448;75.5375061;104.906448;104.906448;75.5375061;0;29.3689346;75.5375061;
100.763092;100.763092;73.6867523;100.763092;100.763092;73.6867523;0;27.0763397;73.6867523;
96.5625;96.5625;71.71875;96.5625;96.5625;71.71875;0;24.84375;71.71875;
92.3171082;92.3171082;69.6383591;92.3171082;92.3171082;69.6383591;0;22.6787567;69.6383591;
88.0384216;88.0384216;67.4503021;88.0384216;88.0384216;67.4503021;0;20.588131;67.4503021;
83.7386703;83.7386703;65.1599121;83.7386703;83.7386703;65.1599121;0;18.5787582;65.1599121;
79.4289398;79.4289398;62.7722969;79.4289398;79.4289398;62.7722969;0;16.6566277;62.7722969;
75.1207886;75.1207886;60.2931786;75.1207886;75.1207886;60.2931786;0;14.8276138;60.2931786;
65.1628952;136.258728;60.6791496;84.4563599;157.987793;51.2891388;7.32252502;150.93634;132.946915;
66.5513763;66.5513763;55.0825462;66.5513763;66.5513763;55.0825462;0;11.4688301;55.0825462;
62.3102951;62.3102951;52.3625259;62.3102951;62.3102951;52.3625259;0;9.94777679;52.3625259;
58.1109047;58.1109047;49.574028;58.1109047;58.1109047;49.574028;0;8.53687286;49.574028;
53.9611626;53.9611626;46.722641;53.9611626;53.9611626;46.722641;0;7.23852158;46.722641;
49.8690414;49.8690414;43.8144836;49.8690414;49.8690414;43.8144836;0;6.05455399;43.8144836;
45.8407974;45.8407974;40.8550339;45.8407974;45.8407974;40.8550339;0;4.98577118;40.8550339;
41.882515;41.882515;37.8502617;41.882515;41.882515;37.8502617;0;4.03226852;37.8502617;
37.9982376;37.9982376;34.8054237;37.9982376;37.9982376;34.8054237;0;3.19282532;34.8054237;
34.1915131;34.1915131;31.7261982;34.1915131;34.1915131;31.7261982;0;2.46530533;31.7261982;
30.4640007;30.4640007;28.6174202;30.4640007;30.4640007;28.6174202;0;1.84658051;28.6174202;
26.8164062;26.8164062;25.4841251;26.8164062;26.8164062;25.4841251;0;1.33228302;25.4841251;
23.2476044;23.2476044;22.331068;23.2476044;23.2476044;22.331068;0;0.916538239;22.331068;
19.754734;19.754734;19.1621571;19.754734;19.754734;19.1621571;0;0.592575073;19.1621571;
16.3335419;16.3335419;15.9815331;16.3335419;16.3335419;15.9815331;0;0.352020264;15.9815331;
12.9773712;12.9773712;12.7922745;12.9773712;12.9773712;12.7922745;0;0.185108185;12.7922745;
9.67763901;9.67763901;9.5975914;9.67763901;9.67763901;9.5975914;0;0.0800514221;9.5975914;
6.42385483;6.42385483;6.39949703;6.42385483;6.42385483;6.39949703;0;0.024356842;6.39949703;
3.20322037;3.20322037;3.20004106;3.20322037;3.20322037;3.20004106;0;0.00316619873;3.20004106;
0;0;0;0;0;0;0;0;0;
3.20300961;3.19988918;3.19676876;3.19988918;3.19676876;3.20300961;0.00312044006;0;3.19988918;
6.42383862;6.39949751;6.37515593;6.39949751;6.37515593;6.42383862;0.0243413113;0;6.39949751;
9.67751694;9.59743786;9.51735783;9.59743786;9.51735783;9.67751694;0.0800798088;0;9.59743786;
12.9772797;12.7922802;12.6072798;12.7922802;12.6072798;12.9772797;0.184999734;0;12.7922802;
16.3334427;15.9813786;15.6293144;15.9813786;15.6293144;16.3334427;0.352064222;0;15.9813786;
86.7539825;138.912735;68.1081085;156.194992;24.656498;97.3409424;56.4738655;67.7376862;117.81913;
23.2474899;22.3309135;21.4143353;22.3309135;21.4143353;23.2474899;0.91657722;0;22.3309135;
26.8163643;25.4841309;24.1518955;25.4841309;24.1518955;26.8163643;1.33223319;0;25.4841309;
26.0239983;140.280716;89.7930145;3.30525756;58.5063744;2.74890184;24.4818974;137.370529;144.881561;
34.1913261;31.7260513;29.2607765;31.7260513;29.2607765;34.1913261;2.46527362;0;31.7260513;
37.9980049;34.8052864;31.6125679;34.8052864;31.6125679;37.9980049;3.19271803;0;34.8052864;
41.882309;37.8501205;33.8179283;37.8501205;33.8179283;41.882309;4.03219175;0;37.8501205;
92.949173;0.0373638794;24.4344883;27.0034237;113.108932;58.3739014;4.59145832;92.9684067;69.48172;
49.8688126;43.8143501;37.7598801;43.8143501;37.7598801;49.8688126;6.05446625;0;43.8143501;
53.960907;46.7225227;39.4841385;46.7225227;39.4841385;53.960907;7.23838282;0;46.7225227;
58.1106377;49.5739059;41.037178;49.5739059;41.037178;58.1106377;8.53672981;0;49.5739059;
62.3102646;52.3625374;42.4148102;52.3625374;42.4148102;62.3102646;9.94773006;0;52.3625374;
66.5511932;55.0824127;43.6136322;55.0824127;43.6136322;66.5511932;11.4687786;0;55.0824127;
70.8246765;57.7279434;44.6312027;57.7279434;44.6312027;70.8246765;13.0967407;0;57.7279434;
75.1205597;60.2930756;45.4655838;60.2930756;45.4655838;75.1205597;14.827486;0;60.2930756;
79.4288864;62.7723122;46.1157417;62.7723122;46.1157417;79.4288864;16.6565723;0;62.7723122;
83.7384415;65.1598129;46.5811844;65.1598129;46.5811844;83.7384415;18.5786304;0;65.1598129;
88.0384216;67.4503098;46.8621902;67.4503098;46.8621902;88.0384216;20.5881195;0;67.4503098;
92.3168945;69.6382599;46.9596252;69.6382599;46.9596252;92.3168945;22.6786385;0;69.6382599;
96.5625;71.71875;46.875;71.71875;46.875;96.5625;24.84375;0;71.71875;
100.762894;73.6866608;46.6104317;73.6866608;46.6104317;100.762894;27.0762291;0;73.6866608;
104.906448;75.5375137;46.1685791;75.5375137;46.1685791;104.906448;29.3689327;0;75.5375137;
108.980705;77.2667084;45.5527153;77.2667084;45.5527153;108.980705;31.7139931;0;77.2667084;
112.97403;78.8702927;44.7665482;78.8702927;44.7665482;112.97403;34.1037407;0;78.8702927;
116.87413;80.3442764;43.8144302;80.3442764;43.8144302;116.87413;36.52985;0;80.3442764;
120.669594;81.6853027;42.7010155;81.6853027;42.7010155;120.669594;38.9842911;0;81.6853027;
15.177804;47.9937439;134.815826;62.8468361;133.172318;146.356064;55.2335892;94.9698181;86.4525223;
127.899948;83.9559021;40.0118294;83.9559021;40.0118294;127.899948;43.9440613;0;83.9559021;
131.312622;84.8802032;38.4477806;84.8802032;38.4477806;131.312622;46.4324188;0;84.8802032;
134.576233;85.6610184;36.7458153;85.6610184;36.7458153;134.576233;48.9152107;0;85.6610184;
137.680298;86.2966156;34.9129295;86.2966156;34.9129295;137.680298;51.3836823;0;86.2966156;
140.615387;86.7857437;32.9561043;86.7857437;32.9561043;140.615387;53.8296432;0;86.7857437;
143.371979;87.1275253;30.8830643;87.1275253;30.8830643;143.371979;56.2444611;0;87.1275253;
145.941681;87.3215103;28.7013531;87.3215103;28.7013531;145.941681;58.620163;0;87.3215103;
148.316071;87.367691;26.4192867;87.367691;26.4192867;148.316071;60.9483948;0;87.367691;
150.487885;87.2664261;24.0449715;87.2664261;24.0449715;150.487885;63.2214546;0;87.2664261;
152.449982;87.0185852;21.5871906;87.0185852;21.5871906;152.449982;65.4313965;0;87.0185852;
154.19635;86.6254044;19.0544701;86.6254044;19.0544701;154.19635;67.5709381;0;86.6254044;
20.6619282;36.4501228;65.2679214;113.932182;61.6033173;127.966827;67.5704269;142.060257;9.84632874;
157.019928;85.4102783;13.8006401;85.4102783;13.8006401;157.019928;71.609642;0;85.4102783;
158.088181;84.5929794;11.097784;84.5929794;11.097784;158.088181;73.4951935;0;84.5929794;
158.922577;83.63974;8.35689545;83.63974;8.35689545;158.922577;75.2828369;0;83.63974;
159.520508;82.5538635;5.58721542;82.5538635;5.58721542;159.520508;76.9666443;0;82.5538635;
159.880035;81.3392487;2.79847145;81.3392487;2.79847145;159.880035;78.5407791;0;81.3392487;
160;80;0;80;0;160;80;0;80;
159.880035;78.540863;2.7983284;78.540863;2.7983284;159.880035;81.3391876;0;78.540863;
159.520508;76.9666595;5.58719635;76.9666595;5.58719635;159.520508;82.5538559;0;76.9666595;
158.922607;75.2829285;8.35676193;75.2829285;8.35676193;158.922607;83.6396866;0;75.2829285;
158.088181;73.4951935;11.0977936;73.4951935;11.0977936;158.088181;84.5929871;0;73.4951935;
157.019974;71.609726;13.8005257;71.609726;13.8005257;157.019974;85.4102478;0;71.609726;
155.721298;69.6327133;16.4558792;69.6327133;16.4558792;155.721298;86.0885925;0;69.6327133;
154.196442;67.5710373;19.0543556;67.5710373;19.0543556;154.196442;86.6253967;0;67.5710373;
152.450089;65.4315109;21.5870667;65.4315109;21.5870667;152.450089;87.0185776;0;65.4315109;
150.487976;63.22155;24.0448761;63.22155;24.0448761;150.487976;87.2664261;0;63.22155;
148.316177;60.948494;26.4191818;60.948494;26.4191818;148.316177;87.3676758;0;60.948494;
145.941788;58.6202812;28.7012291;58.6202812;28.7012291;145.941788;87.3215103;0;58.6202812;
143.372116;56.2445755;30.8829689;56.2445755;30.8829689;143.372116;87.1275406;0;56.2445755;
140.615524;53.8297462;32.956028;53.8297462;32.956028;140.615524;86.7857742;0;53.8297462;
137.680435;51.3837814;34.9128723;51.3837814;34.9128723;137.680435;86.2966537;0;51.3837814;
134.576385;48.9153214;36.745739;48.9153214;36.745739;134.576385;85.6610565;0;48.9153214;
67.1412735;149.155563;65.2143402;109.574356;74.1105347;154.797638;131.113129;120.052155;59.6663895;
127.900124;43.9441872;40.0117493;43.9441872;40.0117493;127.900124;83.9559326;0;43.9441872;
124.348679;41.4585304;41.4315987;41.4585304;41.4315987;124.348679;82.8901367;0;41.4585304;
120.669594;38.9842987;42.7010155;38.9842987;42.7010155;120.669594;81.6853027;0;38.9842987;
116.874306;36.5299416;43.8144112;36.5299416;43.8144112;116.874306;80.3443527;0;36.5299416;
112.97403;34.1037369;44.7665596;34.1037369;44.7665596;112.97403;78.8703003;0;34.1037369;
108.980881;31.7140961;45.5527115;31.7140961;45.5527115;108.980881;77.2667999;0;31.7140961;
98.5723724;68.3933945;124.532967;66.1072388;97.4240112;84.2616882;19.5792389;73.6107864;37.3975563;
100.763092;27.0763397;46.6104126;27.0763397;46.6104126;100.763092;73.6867523;0;27.0763397;
96.5625;24.84375;46.875;24.84375;46.875;96.5625;71.71875;0;24.84375;
92.3171082;22.6787567;46.95961;22.6787567;46.95961;92.3171082;69.6383591;0;22.6787567;
88.0384216;20.588131;46.8621826;20.588131;46.8621826;88.0384216;67.4503021;0;20.588131;
55.5645218;91.9234085;66.3666229;17.8843765;142.13768;157.002777;118.01059;43.1363602;141.327423;
79.4289398;16.6566277;46.1156654;16.6566277;46.1156654;79.4289398;62.7722969;0;16.6566277;
75.1207886;14.8276138;45.4655647;14.8276138;45.4655647;75.1207886;60.2931786;0;14.8276138;
70.8246994;13.0967522;44.631176;13.0967522;44.631176;70.8246994;57.7279358;0;13.0967522;
66.5513763;11.4688301;43.6137199;11.4688301;43.6137199;66.5513763;55.0825462;0;11.4688301;
62.3102951;9.94777679;42.4147606;9.94777679;42.4147606;62.3102951;52.3625259;0;9.94777679;
77.8893509;94.8556976;92.4959869;17.5203781;133.981903;147.492096;36.6618919;36.6380653;46.8856888;
53.9611626;7.23852158;39.4841194;7.23852158;39.4841194;53.9611626;46.722641;0;7.23852158;
135.265945;18.7392216;156.828476;118.062897;18.4913788;99.6650848;153.817841;72.4550781;18.5274162;
45.8407974;4.98577118;35.8692741;4.98577118;35.8692741;45.8407974;40.8550339;0;4.98577118;
41.882515;4.03226852;33.817997;4.03226852;33.817997;41.882515;37.8502617;0;4.03226852;
37.9982376;3.19282532;31.612606;3.19282532;31.612606;37.9982376;34.8054237;0;3.19282532;
34.1915131;2.46530533;29.2608833;2.46530533;29.2608833;34.1915131;31.7261982;0;2.46530533;
30.4640007;1.84658051;26.7708397;1.84658051;26.7708397;30.4640007;28.6174202;0;1.84658051;
26.816597;1.33232117;24.1519547;1.33232117;24.1519547;26.816597;25.4842739;0;1.33232117;
23.2476044;0.916538239;21.4145279;0.916538239;21.4145279;23.2476044;22.331068;0;0.916538239;
19.754734;0.592575073;18.5695839;0.592575073;18.5695839;19.754734;19.1621571;0;0.592575073;
16.3335419;0.352020264;15.6295204;0.352020264;15.6295204;16.3335419;15.9815331;0;0.352020264;
12.9773712;0.185108185;12.6071739;0.185108185;12.6071739;12.9773712;12.7922745;0;0.185108185;
132.992416;7.45949984;88.0570145;134.369553;83.3916168;13.1581879;4.5303421;24.8838997;126.347282;
148.498871;22.0442886;128.978424;40.350193;41.6122093;83.452919;95.0942993;28.0979767;22.9962006;
3.20322037;0.00316619873;3.1968689;0.00316619873;3.1968689;3.20322037;3.20004106;0;0.00316619873;
0;0;0;0;0;0;0;0;0;
3.20316267;0;3.20004177;0.00312088267;3.20004177;3.20316267;3.20004177;0.00312088267;0.00312088267;
6.42368412;0;6.39934492;0.0243396014;6.39934492;6.42368412;6.39934492;0.0243396014;0.0243396014;
90.3270721;1.07069981;6.68031788;44.0755119;83.0999374;114.726471;153.918076;78.2038345;67.8097382;
12.9772797;0;12.7922802;0.184999734;12.7922802;12.9772797;12.7922802;0.184999734;0.184999734;
154.4935;27.4280396;113.717575;157.809082;158.760132;30.7160397;39.1519623;41.8025208;115.131523;
19.7546425;0;19.1620026;0.592640936;19.1620026;19.7546425;19.1620026;0.592640936;0.592640936;
92.371376;0.870858729;52.6652184;127.827805;79.6241455;22.8429108;46.0010223;93.4781647;148.372452;
26.8163643;0;25.4841309;1.33223319;25.4841309;26.8163643;25.4841309;1.33223319;1.33223319;
118.986359;103.973885;82.101059;86.0287857;84.5658112;133.834045;130.19809;80.590271;106.940796;
34.191143;0;31.7259026;2.46524143;31.7259026;34.191143;31.7259026;2.46524143;2.46524143;
0;31.6125679;31.6125679;31.6125679;3.19271803;37.9980049;31.6125679;31.6125679;3.19271803;
0;33.8179283;33.8179283;33.8179283;4.03219175;41.882309;33.8179283;33.8179283;4.03219175;
45.8408051;0;40.8550339;4.98577309;40.8550339;45.8408051;40.8550339;4.98577309;4.98577309;
93.1988831;58.9971085;23.9847775;109.067039;133.124878;97.8143387;56.3020554;14.7670517;116.754242;
0;39.4841385;39.4841385;39.4841385;7.23838282;53.960907;39.4841385;39.4841385;7.23838282;
29.19944;73.9434052;105.994415;118.496857;62.0469704;61.8810196;129.997726;12.5867834;114.822456;
0;42.4148102;42.4148102;42.4148102;9.94773006;62.3102646;42.4148102;42.4148102;9.94773006;
0;43.6135788;43.6135788;43.6135788;11.4687042;66.5509872;43.6135788;43.6135788;11.4687042;
15.7215109;3.3274138;17.0550671;16.9519348;138.25412;26.5508995;145.288193;133.96196;44.9877472;
0;45.4655838;45.4655838;45.4655838;14.827486;75.1205597;45.4655838;45.4655838;14.827486;
0;46.1157417;46.1157417;46.1157417;16.6565723;79.4288864;46.1157417;46.1157417;16.6565723;
0;46.5811996;46.5811996;46.5811996;18.5787239;83.7386475;46.5811996;46.5811996;18.5787239;
0;46.8621826;46.8621826;46.8621826;20.5880203;88.0382233;46.8621826;46.8621826;20.5880203;
0;46.9596252;46.9596252;46.9596252;22.6786385;92.3168945;46.9596252;46.9596252;22.6786385;
0;46.875;46.875;46.875;24.84375;96.5625;46.875;46.875;24.84375;
0;46.6104164;46.6104164;46.6104164;27.0763378;100.763092;46.6104164;46.6104164;27.0763378;
0;46.1686096;46.1686096;46.1686096;29.3688202;104.906242;46.1686096;46.1686096;29.3688202;
0;45.5527153;45.5527153;45.5527153;31.7139931;108.980705;45.5527153;45.5527153;31.7139931;
0;44.7665482;44.7665482;44.7665482;34.1037407;112.97403;44.7665482;44.7665482;34.1037407;
0;43.8143768;43.8143768;43.8143768;36.5299683;116.874313;43.8143768;43.8143768;36.5299683;
0;42.7010765;42.7010765;42.7010765;38.984169;120.669411;42.7010765;42.7010765;38.984169;
0;41.4316368;41.4316368;41.4316368;41.4584389;124.348518;41.4316368;41.4316368;41.4584389;
0;40.0118294;40.0118294;40.0118294;43.9440613;127.899948;40.0118294;40.0118294;43.9440613;
0;38.4477043;38.4477043;38.4477043;46.4325371;131.312775;38.4477043;38.4477043;46.4325371;
0;36.7458954;36.7458954;36.7458954;48.9150925;134.57608;36.7458954;36.7458954;48.9150925;
0;34.9129295;34.9129295;34.9129295;51.3836823;137.680298;34.9129295;34.9129295;51.3836823;
11.9978848;51.1304169;23.887886;136.062897;35.7576675;129.095474;128.64534;10.292944;48.2688103;
114.676529;32.1617928;128.26506;56.8279114;3.61372924;84.7209625;27.169693;45.6340103;26.5589752;
0;28.701458;28.701458;28.701458;58.6200523;145.941559;28.701458;28.701458;58.6200523;
75.760025;61.9526367;36.504261;130.004395;11.0176888;79.8830643;155.565536;68.5953064;103.78093;
0;24.0449715;24.0449715;24.0449715;63.2214546;150.487885;24.0449715;24.0449715;63.2214546;
0;21.5870762;21.5870762;21.5870762;65.4315033;152.450073;21.5870762;21.5870762;65.4315033;
110.000519;72.6607971;99.2488785;57.7077484;55.3499641;95.9380798;96.6055908;5.18016577;6.10061407;
0;16.4560032;16.4560032;16.4560032;69.6326141;155.721237;16.4560032;16.4560032;69.6326141;
0;13.8006401;13.8006401;13.8006401;71.609642;157.019928;13.8006401;13.8006401;71.609642;
0;11.097784;11.097784;11.097784;73.4951935;158.088181;11.097784;11.097784;73.4951935;
0;8.35678101;8.35678101;8.35678101;75.2829132;158.922607;8.35678101;8.35678101;75.2829132;
0;5.5873394;5.5873394;5.5873394;76.9665756;159.520493;5.5873394;5.5873394;76.9665756;
0;2.79847145;2.79847145;2.79847145;78.5407791;159.880035;2.79847145;2.79847145;78.5407791;
0;0;0;0;80;160;0;0;80;
152.605759;159.843933;95.7262573;132.189392;14.187088;113.391754;11.7457151;103.028122;89.5151215;
82.5537949;76.9667358;82.5537949;82.5537949;76.9667358;0;5.58706284;5.58706284;5.58706284;
40.0867767;101.389542;15.3152094;133.253799;35.3215637;50.9031906;83.2346268;85.7384186;18.9213886;
84.5929871;73.4951935;84.5929871;84.5929871;73.4951935;0;11.0977936;11.0977936;11.0977936;
85.4102936;71.6096344;85.4102936;85.4102936;71.6096344;0;13.8006592;13.8006592;13.8006592;
86.088562;69.6327972;86.088562;86.088562;69.6327972;0;16.4557648;16.4557648;16.4557648;
86.6253967;67.5710373;86.6253967;86.6253967;67.5710373;0;19.0543556;19.0543556;19.0543556;
87.0185776;65.4315109;87.0185776;87.0185776;65.4315109;0;21.5870667;21.5870667;21.5870667;
87.2664261;63.2214546;87.2664261;87.2664261;63.2214546;0;24.0449715;24.0449715;24.0449715;
87.3676758;60.9486084;87.3676758;87.3676758;60.9486084;0;26.4190674;26.4190674;26.4190674;
87.3215103;58.6202812;87.3215103;87.3215103;58.6202812;0;28.7012291;28.7012291;28.7012291;
87.1275406;56.2445755;87.1275406;87.1275406;56.2445755;0;30.8829689;30.8829689;30.8829689;
86.7857513;53.8296127;86.7857513;86.7857513;53.8296127;0;32.9561424;32.9561424;32.9561424;
86.2966766;51.3839149;86.2966766;86.2966766;51.3839149;0;34.9127579;34.9127579;34.9127579;
85.6610565;48.9153214;85.6610565;85.6610565;48.9153214;0;36.745739;36.745739;36.745739;
84.8802338;46.4325333;84.8802338;84.8802338;46.4325333;0;38.4477043;38.4477043;38.4477043;
141.386765;128.895523;54.9863358;146.237823;109.33963;57.618248;150.999832;136.54747;44.6901131;
86.8931427;9.44217396;144.583755;107.765083;69.0342102;123.036804;40.58218;6.0243082;97.2786713;
81.6853638;38.9844131;81.6853638;81.6853638;38.9844131;0;42.7009583;42.7009583;42.7009583;
80.3443527;36.5299416;80.3443527;80.3443527;36.5299416;0;43.8144112;43.8144112;43.8144112;
78.8703003;34.1037369;78.8703003;78.8703003;34.1037369;0;44.7665596;44.7665596;44.7665596;
77.2667007;31.7140198;77.2667007;77.2667007;31.7140198;0;45.5526733;45.5526733;45.5526733;
75.5375977;29.3690491;75.5375977;75.5375977;29.3690491;0;46.1685371;46.1685371;46.1685371;
0;100.763092;27.0763397;0;73.6867523;73.6867523;27.0763397;46.6104126;27.0763397;
0;96.5625;24.84375;0;71.71875;71.71875;24.84375;46.875;24.84375;
0;92.3169022;22.6786423;0;69.6382599;69.6382599;22.6786423;46.95961;22.6786423;
0;88.03862;20.5882072;0;67.4504166;67.4504166;20.5882072;46.8622208;20.5882072;
0;83.7386703;18.5787582;0;65.1599121;65.1599121;18.5787582;46.5811539;18.5787582;
30.8194351;151.571838;16.5683002;36.4767456;92.6687164;117.544235;40.8881187;42.0415802;3.20110798;
0;75.1205444;14.8274803;0;60.2930756;60.2930756;14.8274803;45.4656029;14.8274803;
0;70.8248749;13.0968094;0;57.7280731;57.7280731;13.0968094;44.6312714;13.0968094;
0;66.5513763;11.4688301;0;55.0825462;55.0825462;11.4688301;43.6137199;11.4688301;
0;62.3102951;9.94777679;0;52.3625259;52.3625259;9.94777679;42.4147606;9.94777679;
0;58.1106186;8.53672028;0;49.5739136;49.5739136;8.53672028;41.0371971;8.53672028;
138.980133;159.011948;54.8719254;101.991722;71.6190948;42.0752869;77.1663513;26.086771;22.2080498;
0;49.8690414;6.05455399;0;43.8144836;43.8144836;6.05455399;37.7599335;6.05455399;
0;45.8407974;4.98577118;0;40.8550339;40.8550339;4.98577118;35.8692741;4.98577118;
0;41.8822861;4.03217316;0;37.8501205;37.8501205;4.03217316;33.8179588;4.03217316;
87.9954071;132.858154;22.5186768;12.1933899;65.2523651;125.88044;22.9241295;49.6750183;74.8329697;
119.999557;99.5875168;134.021317;152.431519;28.7715549;39.4580307;104.056168;2.61186886;33.4234047;
119.683014;96.5523605;48.4912109;120.182755;98.9615326;96.3598709;67.2956085;126.912239;18.9979382;
17.4371414;119.480774;153.135132;40.6865692;101.183853;135.98288;140.089859;137.862732;63.8906898;
0;23.247757;0.916538239;0;22.3312206;22.3312206;0.916538239;21.4146805;0.916538239;
0;19.7548676;0.592556;0;19.1623116;19.1623116;0.592556;18.5697556;0.592556;
0;16.3335419;0.352020264;0;15.9815331;15.9815331;0.352020264;15.6295204;0.352020264;
44.7117081;111.845703;118.519684;40.8101196;110.93396;82.1295319;156.828812;99.6879425;53.0563126;
0;9.67758179;0.0801467896;0;9.59743595;9.59743595;0.0801467896;9.51728821;0.0801467896;
0;6.42391205;0.0242614746;0;6.39965105;6.39965105;0.0242614746;6.3753891;0.0242614746;
0;3.20322037;0.00316619873;0;3.20004106;3.20004106;0.00316619873;3.1968689;0.00316619873;
0;0;0;0;0;0;0;0;0;
0;3.20316267;0;0.00312088267;3.19692087;3.20004177;0.00312088267;3.20004177;0.00312088267;
0;6.42368412;0;0.0243396014;6.37500525;6.39934492;0.0243396014;6.39934492;0.0243396014;
0;9.67751694;0;0.0800798088;9.51735783;9.59743786;0.0800798088;9.59743786;0.0800798088;
0;12.9772797;0;0.184999734;12.6072798;12.7922802;0.184999734;12.7922802;0.184999734;
0;16.3336048;0;0.352073878;15.6294575;15.9815311;0.352073878;15.9815311;0.352073878;
0;19.7546425;0;0.592640936;18.5693588;19.1620026;0.592640936;19.1620026;0.592640936;
0;23.2474899;0;0.91657722;21.4143353;22.3309135;0.91657722;22.3309135;0.91657722;
0;26.8163643;0;1.33223319;24.1518955;25.4841309;1.33223319;25.4841309;1.33223319;
0;30.4640083;0;1.84658909;26.7708302;28.6174183;1.84658909;28.6174183;1.84658909;
0;34.191143;0;2.46524143;29.2606621;31.7259026;2.46524143;31.7259026;2.46524143;
0.0149370357;16.9455414;90.6191864;68.5501556;29.8928356;108.787811;15.4610348;64.7979736;106.55864;
0;41.882309;0;4.03219175;33.8179283;37.8501205;4.03219175;37.8501205;4.03219175;
0;45.8408051;0;4.98577309;35.8692627;40.8550339;4.98577309;40.8550339;4.98577309;
0;49.8686218;0;6.05441284;37.7597961;43.8142052;6.05441284;43.8142052;6.05441284;
0;53.960907;0;7.23838282;39.4841385;46.7225227;7.23838282;46.7225227;7.23838282;
0;58.1106377;0;8.53672981;41.037178;49.5739059;8.53672981;49.5739059;8.53672981;
0;62.3102646;0;9.94773006;42.4148102;52.3625374;9.94773006;52.3625374;9.94773006;
0;66.5509872;0;11.4687042;43.6135788;55.082283;11.4687042;55.082283;11.4687042;
114.705795;142.624954;86.8033676;58.6121712;102.466209;78.5864182;130.021042;153.442139;152.782471;
0;75.1205597;0;14.827486;45.4655838;60.2930756;14.827486;60.2930756;14.827486;
0;79.4288864;0;16.6565723;46.1157417;62.7723122;16.6565723;62.7723122;16.6565723;
0;83.7386475;0;18.5787239;46.5811996;65.1599274;18.5787239;65.1599274;18.5787239;
0;88.0382233;0;20.5880203;46.8621826;67.4501953;20.5880203;67.4501953;20.5880203;
0;92.3168945;0;22.6786385;46.9596252;69.6382599;22.6786385;69.6382599;22.6786385;
0;96.5625;0;24.84375;46.875;71.71875;24.84375;71.71875;24.84375;
0;100.763092;0;27.0763378;46.6104164;73.6867523;27.0763378;73.6867523;27.0763378;
0;104.906242;0;29.3688202;46.1686096;75.5374298;29.3688202;75.5374298;29.3688202;
17.3740482;31.5935974;5.07929087;53.6732826;31.0360374;143.881668;55.1659775;2.33376765;47.6964531;
0;112.97403;0;34.1037407;44.7665482;78.8702927;34.1037407;78.8702927;34.1037407;
0;116.874313;0;36.5299683;43.8143768;80.3443451;36.5299683;80.3443451;36.5299683;
0;120.669411;0;38.984169;42.7010765;81.6852493;38.984169;81.6852493;38.984169;
0;124.348518;0;41.4584389;41.4316368;82.8900757;41.4584389;82.8900757;41.4584389;
0;127.899948;0;43.9440613;40.0118294;83.9559021;43.9440613;83.9559021;43.9440613;
0;131.312775;0;46.4325371;38.4477043;84.8802338;46.4325371;84.8802338;46.4325371;
116.698616;53.2954483;128.022385;34.9403038;4.32012701;122.200653;115.330994;53.5187874;87.4943924;
0;137.680298;0;51.3836823;34.9129295;86.2966156;51.3836823;86.2966156;51.3836823;
0;140.615387;0;53.8296432;32.9561043;86.7857437;53.8296432;86.7857437;53.8296432;
0;143.372116;0;56.2445831;30.8829498;87.127533;56.2445831;87.127533;56.2445831;
0;145.941559;0;58.6200523;28.701458;87.3215103;58.6200523;87.3215103;58.6200523;
0;148.316071;0;60.9483948;26.4192867;87.367691;60.9483948;87.367691;60.9483948;
0;150.487885;0;63.2214546;24.0449715;87.2664261;63.2214546;87.2664261;63.2214546;
0;152.450073;0;65.4315033;21.5870762;87.0185776;65.4315033;87.0185776;65.4315033;
34.9042816;67.1732101;19.5970898;40.584671;119.733383;111.268188;127.656776;110.350418;125.529129;
0;155.721237;0;69.6326141;16.4560032;86.088623;69.6326141;86.088623;69.6326141;
0;157.019928;0;71.609642;13.8006401;85.4102783;71.609642;85.4102783;71.609642;
119.820366;124.467659;38.3222733;62.0338287;125.249786;80.5586929;27.6782532;146.603561;7.09295702;
0;158.922546;0;75.282753;8.3570385;83.6397934;75.282753;83.6397934;75.282753;
0;159.520493;0;76.9665756;5.5873394;82.5539246;76.9665756;82.5539246;76.9665756;
89.146843;80.2981491;93.3736115;78.0926208;31.8133507;8.14291286;8.62649155;66.9721298;97.9381714;
116.240616;25.8498192;120.416458;30.5638027;110.946274;6.94901991;144.415314;132.318542;15.0367985;
0;159.880035;0;81.3392487;2.79846191;78.5407867;81.3392487;78.5407867;81.3392487;
45.5188522;144.864944;142.725403;79.5517349;35.2077408;13.0670166;21.6951218;112.051842;43.6322823;
0;158.922607;0;83.6396866;8.35676193;75.2829285;83.6396866;75.2829285;83.6396866;
145.982758;143.463959;4.09465075;136.91745;108.107544;4.84926367;106.338821;84.3622208;64.1513138;
29.4584255;139.533417;17.7254467;93.8451233;131.203049;79.0631409;43.0385056;143.361954;128.563202;
0;155.721375;0;86.088562;16.4557648;69.6327972;86.088562;69.6327972;86.088562;
0;154.196442;0;86.6253967;19.0543556;67.5710373;86.6253967;67.5710373;86.6253967;
122.655708;132.111786;73.9860229;25.158844;4.10337257;62.2534409;93.4204559;12.6896324;37.8209343;
0;150.487885;0;87.2664261;24.0449715;63.2214546;87.2664261;63.2214546;87.2664261;
0;148.316284;0;87.3676758;26.4190674;60.9486084;87.3676758;60.9486084;87.3676758;
0;145.941788;0;87.3215103;28.7012291;58.6202812;87.3215103;58.6202812;87.3215103;
40.3055534;103.330002;4.97509432;69.7577591;150.774612;12.6210899;81.0885696;13.1232147;50.7570267;
0;140.615372;0;86.7857513;32.9561424;53.8296127;86.7857513;53.8296127;86.7857513;
0;137.680573;0;86.2966766;34.9127579;51.3839149;86.2966766;51.3839149;86.2966766;
0;134.576385;0;85.6610565;36.745739;48.9153214;85.6610565;48.9153214;85.6610565;
0;131.312775;0;84.8802338;38.4477043;46.4325333;84.8802338;46.4325333;84.8802338;
27.9400482;37.8326492;63.5498466;4.40937901;109.403152;26.34515;18.6383553;96.1989594;42.0921707;
0;124.348869;0;82.8901749;41.4314842;41.458683;82.8901749;41.458683;82.8901749;
0;120.669777;0;81.6853638;42.7009583;38.9844131;81.6853638;38.9844131;81.6853638;
0;116.874306;0;80.3443527;43.8144112;36.5299416;80.3443527;36.5299416;80.3443527;
0;112.97403;0;78.8703003;44.7665596;34.1037369;78.8703003;34.1037369;78.8703003;
0;108.981087;0;77.2668686;45.5526543;31.7142105;77.2668686;31.7142105;77.2668686;
0;104.906654;0;75.5375977;46.1685371;29.3690491;75.5375977;29.3690491;75.5375977;
0;100.763092;0;73.6867523;46.6104126;27.0763397;73.6867523;27.0763397;73.6867523;
0;96.5625;0;71.71875;46.875;24.84375;71.71875;24.84375;71.71875;
0;92.3169022;0;69.6382599;46.95961;22.6786423;69.6382599;22.6786423;69.6382599;
0;88.03862;0;67.4504166;46.8622208;20.5882072;67.4504166;20.5882072;67.4504166;
0;83.7386703;0;65.1599121;46.5811539;18.5787582;65.1599121;18.5787582;65.1599121;
0;79.4289398;0;62.7722969;46.1156654;16.6566277;62.7722969;16.6566277;62.7722969;
0;75.1205444;0;60.2930756;45.4656029;14.8274803;60.2930756;14.8274803;60.2930756;
0;70.8248749;0;57.7280731;44.6312714;13.0968094;57.7280731;13.0968094;57.7280731;
0;66.5513763;0;55.0825462;43.6137199;11.4688301;55.0825462;11.4688301;55.0825462;
86.7693176;137.448227;55.3917542;55.2228928;52.6860466;12.7390471;37.5071754;4.0061698;61.1141891;
0;58.1106186;0;49.5739136;41.0371971;8.53672028;49.5739136;8.53672028;49.5739136;
0;53.961277;0;46.7227974;39.4843292;7.23846436;46.7227974;7.23846436;46.7227974;
0;49.8690414;0;43.8144836;37.7599335;6.05455399;43.8144836;6.05455399;43.8144836;
0;45.8407974;0;40.8550339;35.8692741;4.98577118;40.8550339;4.98577118;40.8550339;
0;41.8822861;0;37.8501205;33.8179588;4.03217316;37.8501205;4.03217316;37.8501205;
85.2001114;56.9505692;86.0396881;130.825684;49.9749718;144.971786;140.425583;32.5995712;146.591858;
0;34.1915131;0;31.7261982;29.2608833;2.46530533;31.7261982;2.46530533;31.7261982;
0;30.4640007;0;28.6174202;26.7708397;1.84658051;28.6174202;1.84658051;28.6174202;
24.1518402;24.1518402;25.4841251;0;25.4841251;26.8164062;25.4841251;1.33228302;0;
19.1297874;140.211136;78.3993301;57.964592;41.9621468;152.019836;112.344452;77.9183502;10.7357607;
18.5697556;18.5697556;19.1623116;0;19.1623116;19.7548676;19.1623116;0.592556;0;
0;16.3335419;0;15.9815331;15.6295204;0.352020264;15.9815331;0.352020264;15.9815331;
12.6071739;12.7922745;12.7922745;0.185108185;0;12.9773712;12.7922745;0.185108185;0.185108185;
9.51776505;9.5977459;9.5977459;0.0799751282;0;9.67773438;9.5977459;0.0799751282;0.0799751282;
6.3753891;6.39965105;6.39965105;0.0242614746;0;6.42391205;6.39965105;0.0242614746;0.0242614746;
3.1968689;3.20004106;3.20004106;0.00316619873;0;3.20322037;3.20004106;0.00316619873;0.00316619873;
0;0;0;0;0;0;0;0;0;
3.20004177;3.20004177;3.20004177;0.00312088267;3.19692087;3.20004177;3.19692087;0;0;
6.39934492;6.39934492;6.39934492;0.0243396014;6.37500525;6.39934492;6.37500525;0;0;
89.8414764;123.425331;51.2517586;47.667778;151.986038;110.013512;29.4731941;152.804504;97.618248;
12.7922802;12.7922802;12.7922802;0.184999734;12.6072798;12.7922802;12.6072798;0;0;
15.9815311;15.9815311;15.6294575;0;0;16.3336048;15.6294575;0.352073878;0.352073878;
19.1620026;19.1620026;18.5693588;0;0;19.7546425;18.5693588;0.592640936;0.592640936;
22.3309135;22.3309135;21.4143353;0;0;23.2474899;21.4143353;0.91657722;0.91657722;
25.4841309;25.4841309;24.1518955;0;0;26.8163643;24.1518955;1.33223319;1.33223319;
147.362915;109.153381;6.74750233;146.79895;92.655777;112.1548;99.3312988;105.051239;31.5685196;
31.7259026;31.7259026;29.2606621;0;0;34.191143;29.2606621;2.46524143;2.46524143;
79.085968;53.1958809;140.435608;115.889679;2.24325705;39.059597;9.0928154;157.821167;142.523438;
37.8501205;37.8501205;33.8179283;0;0;41.882309;33.8179283;4.03219175;4.03219175;
40.8550339;40.8550339;35.8692627;0;0;45.8408051;35.8692627;4.98577309;4.98577309;
43.8142052;43.8142052;37.7597961;0;0;49.8686218;37.7597961;6.05441284;6.05441284;
46.7225227;46.7225227;39.4841385;0;0;53.960907;39.4841385;7.23838282;7.23838282;
89.0501099;82.6385651;56.7842522;148.19194;117.713562;155.370163;37.432209;150.304291;61.958107;
52.3625374;52.3625374;42.4148102;0;0;62.3102646;42.4148102;9.94773006;9.94773006;
55.082283;55.082283;43.6135788;0;0;66.5509872;43.6135788;11.4687042;11.4687042;
57.7278175;57.7278175;44.6311569;0;0;70.8244781;44.6311569;13.0966606;13.0966606;
60.2930756;60.2930756;45.4655838;0;0;75.1205597;45.4655838;14.827486;14.827486;
62.7723122;62.7723122;46.1157417;0;0;79.4288864;46.1157417;16.6565723;16.6565723;
65.1596985;65.1596985;46.5811615;0;0;83.7382431;46.5811615;18.5785351;18.5785351;
67.4501953;67.4501953;46.8621826;0;0;88.0382233;46.8621826;20.5880203;20.5880203;
69.6382599;69.6382599;46.9596252;0;0;92.3168945;46.9596252;22.6786385;22.6786385;
71.71875;71.71875;46.875;0;0;96.5625;46.875;24.84375;24.84375;
73.6867523;73.6867523;46.6104164;0;0;100.763092;46.6104164;27.0763378;27.0763378;
75.5374298;75.5374298;46.1686096;0;0;104.906242;46.1686096;29.3688202;29.3688202;
77.2667084;77.2667084;45.5527153;0;0;108.980705;45.5527153;31.7139931;31.7139931;
78.8702927;78.8702927;44.7665482;0;0;112.97403;44.7665482;34.1037407;34.1037407;
80.3443451;80.3443451;43.8143768;0;0;116.874313;43.8143768;36.5299683;36.5299683;
81.6852493;81.6852493;42.7010765;0;0;120.669411;42.7010765;38.984169;38.984169;
82.8900757;82.8900757;41.4316368;0;0;124.348518;41.4316368;41.4584389;41.4584389;
83.9559021;83.9559021;40.0118294;0;0;127.899948;40.0118294;43.9440613;43.9440613;
84.8802338;84.8802338;38.4477043;0;0;131.312775;38.4477043;46.4325371;46.4325371;
85.6609955;85.6609955;36.7458954;0;0;134.57608;36.7458954;48.9150925;48.9150925;
86.2966156;86.2966156;34.9129295;0;0;137.680298;34.9129295;51.3836823;51.3836823;
140.615387;53.8296432;140.615387;32.9561043;140.615387;86.7857437;53.8296432;53.8296432;140.615387;
87.127533;87.127533;30.8829498;0;0;143.372116;30.8829498;56.2445831;56.2445831;
87.3215103;87.3215103;28.701458;0;0;145.941559;28.701458;58.6200523;58.6200523;
150.924301;0.91145885;157.763763;115.681747;13.3540392;68.3899841;51.4039764;35.4118233;124.727768;
87.2664261;87.2664261;24.0449715;0;0;150.487885;24.0449715;63.2214546;63.2214546;
87.0185776;87.0185776;21.5870762;0;0;152.450073;21.5870762;65.4315033;65.4315033;
3.33659124;110.790604;62.1212311;98.7775574;62.5459061;94.5864944;122.530098;55.5731964;158.264313;
88.7634201;49.9426231;15.8120823;114.818054;19.5390186;90.0604248;154.714386;45.4252052;139.572754;
84.7470703;108.096397;76.2345123;141.811508;39.0751343;54.5169678;78.0195007;155.919388;78.8027954;
84.5929794;84.5929794;11.097784;0;0;158.088181;11.097784;73.4951935;73.4951935;
83.6397934;83.6397934;8.3570385;0;0;158.922546;8.3570385;75.282753;75.282753;
82.5539246;82.5539246;5.5873394;0;0;159.520493;5.5873394;76.9665756;76.9665756;
81.3392487;81.3392487;2.79847145;0;0;159.880035;2.79847145;78.5407791;78.5407791;
